transaction_id,customer_id,product_id,transaction_date,amount,currency,description
TX748857,CUST00818,PRD004,2023-09-23 21:38:52.881481,93.74,EUR,Wissen fröhlich Platz.
TX473044,CUST00407,PRD004,2023-11-20 01:04:53.525810,16.99,EUR,Zeigen nennen glauben.
TX167067,CUST00800,PRD002,2021-12-04 17:34:22.321208,3.73,EUR,Will mal.
TX127905,CUST00205,PRD004,2024-09-24 19:13:27.124171,-9.08,EUR,Schwer ihr wenig schlagen Zahl.
TX560520,CUST00732,PRD002,2022-10-07 12:24:00.414993,97.29,EUR,Das nimmt Land Stein.
TX402988,CUST00004,PRD002,2020-12-01 09:13:30.923359,-323.39,EUR,Zehn früh.
TX542835,CUST00574,PRD002,2021-10-13 18:53:03.459581,454.97,EUR,Stellen hin reiten Hunger.
TX266615,CUST00394,PRD001,2021-09-23 10:18:20.473455,537.04,EUR,Laut erklären zwei.
TX565870,CUST00258,PRD002,2024-08-08 23:29:15.224075,195.12,EUR,Ist für.
TX718400,CUST00996,PRD003,2022-03-15 16:22:42.476921,-33.14,EUR,Fahrrad Name Berg lustig.
TX878992,CUST00063,PRD002,2023-08-25 13:33:53.342919,154.42,EUR,Schule damit.
TX157348,CUST00605,PRD004,2025-03-10 07:31:09.847537,287.42,EUR,Land Schnee las.
TX875696,CUST00494,PRD004,2021-08-22 16:00:47.019471,25.94,EUR,Gott Hilfe Kopf gegen ganz.
TX934556,CUST00129,PRD001,2023-07-17 14:51:21.433998,205.89,EUR,Weihnachten Wetter dort Beispiel.
TX378957,CUST00060,PRD004,2023-06-01 19:04:11.176294,326.12,EUR,Seit Hilfe zu lange drei.
TX162438,CUST00104,PRD004,2022-01-17 01:20:23.487775,-10.91,EUR,Heiß essen Wissen.
TX118084,CUST00867,PRD004,2021-04-26 14:31:42.836027,-27.33,EUR,Tür gesund Auto.
TX208545,CUST00186,PRD001,2022-06-14 10:53:33.854011,224.49,EUR,Klein bald wer.
TX177001,CUST00539,PRD002,2024-12-27 04:14:57.685448,255.17,EUR,Lustig brauchen Pferd schwimmen.
TX979757,CUST00768,PRD003,2020-12-27 13:23:29.337358,159.95,EUR,Schwarz warum früh.
TX567147,CUST00263,PRD004,2021-01-15 18:28:08.603381,-6.43,EUR,Voll Opa.
TX395576,CUST00231,PRD004,2022-10-20 08:36:17.016150,-40.26,EUR,Blume sechs.
TX374314,CUST00760,PRD002,2022-01-05 06:11:34.271667,178.24,EUR,Schlagen Frage Ende ließ.
TX351021,CUST00311,PRD004,2022-07-09 15:58:56.457719,222.23,EUR,Lassen Frau halbe dir frei.
TX549951,CUST00675,PRD002,2022-05-01 13:52:33.027264,10.93,EUR,Springen erklären richtig weinen.
TX880313,CUST00861,PRD003,2022-05-16 01:06:37.012599,67.48,EUR,Gesicht sollen.
TX673913,CUST00419,PRD003,2022-04-20 19:21:59.546839,144.27,EUR,Stark alt sofort gesund.
TX488241,CUST00045,PRD004,2023-01-29 21:33:03.795707,14.83,EUR,Lachen rechnen packen.
TX435712,CUST00332,PRD004,2024-08-09 02:07:38.802774,242.61,EUR,Verstecken heiß auch Stunde rot.
TX998870,CUST00411,PRD003,2022-12-31 17:07:56.658415,200.24,EUR,Genau Baum wird.
TX787415,CUST00918,PRD004,2021-03-24 18:46:09.019142,260.83,EUR,Sonne Wissen nie.
TX286491,CUST00559,PRD002,2024-02-21 06:21:06.877338,357.16,EUR,Schiff jetzt.
TX893011,CUST00765,PRD004,2024-08-20 04:42:18.546535,84.89,EUR,Ding Schiff Ball.
TX133439,CUST00429,PRD002,2023-03-18 00:58:03.782408,233.46,EUR,Weg an weg.
TX693427,CUST00497,PRD003,2025-04-01 00:08:22.422610,21.12,EUR,Tot damit.
TX577624,CUST00539,PRD003,2021-11-11 04:23:34.267073,-0.34,EUR,Nass fahren lange.
TX269956,CUST00895,PRD003,2021-05-25 01:01:48.878724,156.67,EUR,Bringen dort Auge Kind um.
TX249011,CUST00162,PRD001,2023-03-08 07:26:25.951936,264.79,EUR,Hunger wenig fangen kennen frei.
TX564588,CUST00823,PRD001,2021-07-21 20:23:13.067351,521.45,EUR,Nase hier Himmel zwei.
TX132451,CUST00166,PRD001,2023-12-05 11:06:22.285378,213.64,EUR,Brief schwarz beide steigen.
TX820049,CUST00856,PRD003,2021-11-08 02:09:09.488019,282.18,EUR,Wohnen an beim hängen gesund.
TX877399,CUST00705,PRD002,2025-06-10 03:50:49.251481,40.32,EUR,Dürfen was Wissen holen.
TX745781,CUST00639,PRD004,2020-12-13 06:40:36.420841,-242.3,EUR,Flasche schicken heute später.
TX227546,CUST00035,PRD004,2022-07-15 18:43:55.865037,25.36,EUR,Schreien Stein dick.
TX163093,CUST00996,PRD004,2024-08-25 08:41:38.805119,-331.45,EUR,Tief Kind Lehrerin.
TX739333,CUST00878,PRD001,2023-06-25 04:24:21.125387,258.19,EUR,Nennen lieb Ball doch.
TX597381,CUST00856,PRD003,2023-06-01 19:58:19.212090,116.28,EUR,Einigen Oma schaffen Wohnung.
TX527635,CUST00746,PRD002,2023-04-12 08:40:29.370054,162.32,EUR,Zeit Rad heute.
TX919812,CUST00581,PRD004,2023-02-26 06:06:51.736957,144.61,EUR,Arbeiten Geschichte fragen schon.
TX692094,CUST00582,PRD001,2021-05-30 22:07:03.847905,96.75,EUR,Uhr steigen Hase.
TX982204,CUST00621,PRD001,2023-11-06 07:47:33.121841,40.94,EUR,Lesen gern lernen.
TX947868,CUST00606,PRD002,2021-10-06 00:50:24.557808,239.53,EUR,Sitzen hören dabei.
TX712077,CUST00217,PRD004,2025-02-05 18:34:24.851734,91.58,EUR,Musik Gott.
TX312084,CUST00346,PRD003,2024-04-16 22:38:54.600301,-160.56,EUR,Loch danach.
TX276797,CUST00478,PRD004,2022-09-06 04:07:45.677886,-242.34,EUR,Dürfen Wissen wichtig.
TX611469,CUST00670,PRD004,2024-10-23 12:42:23.750849,-65.57,EUR,Minute Stelle.
TX634085,CUST00408,PRD004,2025-03-03 00:06:23.279676,80.01,EUR,Erde setzen was.
TX360377,CUST00820,PRD004,2021-11-16 03:16:32.791274,-184.76,EUR,Halbe verstecken verstecken unser.
TX509614,CUST00006,PRD002,2021-12-09 16:26:32.759310,60.65,EUR,Schnell dabei.
TX806526,CUST00859,PRD004,2024-10-20 13:56:26.263254,178.58,EUR,Zusammen helfen weiter Bauer.
TX822484,CUST00994,PRD004,2022-11-27 03:43:00.210270,77.11,EUR,Kind halten alt.
TX278027,CUST00533,PRD002,2023-08-24 10:33:53.286488,350.47,EUR,Andere Arbeit.
TX348007,CUST00616,PRD004,2025-02-25 14:25:32.207622,45.01,EUR,Brot rund lustig liegen gewinnen.
TX876245,CUST00197,PRD001,2023-10-20 05:28:29.209471,230.87,EUR,Finden Fenster.
TX975354,CUST00073,PRD001,2020-11-25 19:27:49.384030,351.82,EUR,Zwischen wünschen Fuß Katze Fenster.
TX326123,CUST00487,PRD004,2021-06-09 08:07:44.988467,15.72,EUR,Familie Stunde.
TX772976,CUST00076,PRD002,2024-05-10 12:41:53.877140,353.09,EUR,Einige oben beim.
TX435099,CUST00032,PRD002,2024-01-12 06:30:20.240353,23.69,EUR,Denn Fahrrad wie hart grün.
TX303852,CUST00780,PRD004,2024-10-25 03:02:05.746979,-61.85,EUR,Tante Garten ein ihm oft.
TX209529,CUST00852,PRD003,2024-03-08 12:31:37.388776,211.29,EUR,Wirklich vorbei aus setzen.
TX593258,CUST00366,PRD001,2025-03-30 04:35:12.523688,77.16,EUR,Stelle böse Woche zum hin.
TX167302,CUST00426,PRD003,2023-05-13 23:04:42.933390,-35.62,EUR,Lernen mögen klettern baden.
TX401629,CUST00764,PRD004,2023-11-12 15:14:09.464768,-69.2,EUR,Spät können Gott.
TX144291,CUST00625,PRD004,2023-01-19 19:13:32.741171,7.43,EUR,Verstecken spielen.
TX865720,CUST00103,PRD004,2023-12-06 15:39:13.506296,190.04,EUR,Schicken wohnen Zimmer.
TX897050,CUST00964,PRD003,2023-05-31 23:28:52.118321,137.62,EUR,Immer sicher.
TX481061,CUST00381,PRD002,2025-02-11 03:11:37.922722,-16.43,EUR,Zurück dunkel vielleicht.
TX310386,CUST00917,PRD003,2023-12-04 11:26:47.436603,-184.04,EUR,Fliegen ganz fest setzen.
TX514848,CUST00259,PRD003,2022-06-25 18:18:23.405192,44.86,EUR,Jung bin dann Gott.
TX605401,CUST00981,PRD003,2024-05-08 09:26:29.939025,3.5,EUR,Hängen möglich Finger möglich fahren.
TX232315,CUST00938,PRD003,2021-04-08 20:46:13.382475,283.1,EUR,Für alt oft Lehrer.
TX473001,CUST00698,PRD001,2022-11-04 15:05:45.890612,225.05,EUR,Der brauchen.
TX362713,CUST00019,PRD002,2023-07-29 15:45:37.307015,-271.03,EUR,Maus Wasser von.
TX564387,CUST00436,PRD001,2022-05-09 16:16:33.900207,-246.73,EUR,Merken Flasche einmal.
TX761522,CUST00505,PRD004,2025-04-30 16:20:32.192925,222.4,EUR,Wenn gelb laut er.
TX469996,CUST00659,PRD001,2024-04-08 03:15:43.475867,166.24,EUR,Sprechen Glas dem tragen schaffen.
TX186101,CUST00022,PRD002,2023-01-04 00:31:28.975357,436.26,EUR,Schwimmen versuchen die.
TX645261,CUST00530,PRD002,2020-10-09 12:30:18.452501,-75.1,EUR,Schluss lernen auch.
TX680963,CUST00672,PRD003,2021-12-22 00:59:08.765733,29.98,EUR,Glauben über Wasser.
TX630148,CUST00865,PRD003,2024-10-18 20:55:30.073217,203.12,EUR,Dabei hören.
TX174469,CUST00362,PRD004,2021-06-11 18:15:17.256077,-5.29,EUR,Jung Name nächste überall.
TX643601,CUST00338,PRD004,2022-12-31 09:53:53.386714,157.74,EUR,Das langsam zwischen.
TX214789,CUST00207,PRD002,2023-08-10 07:54:49.576092,298.32,EUR,Zeigen Tür neun.
TX419810,CUST00238,PRD003,2022-08-13 03:16:20.797088,-40.37,EUR,Ihm einigen Bett Hunger.
TX658036,CUST00611,PRD002,2022-06-23 13:57:11.626534,-13.12,EUR,Stadt nennen Geld voll.
TX172636,CUST00753,PRD002,2021-10-25 02:05:23.613535,270.42,EUR,Her gibt spielen nein Zeitung.
TX814257,CUST00181,PRD003,2021-12-14 22:03:55.758225,42.83,EUR,Bauen wenn daran.
TX297682,CUST00994,PRD003,2025-06-25 09:34:31.353692,-46.28,EUR,Gelb schreien Minute rund nächste.
TX735670,CUST00326,PRD001,2024-05-15 05:20:34.090584,200.82,EUR,Gab Minute hart.
TX874676,CUST00583,PRD002,2023-01-31 14:45:58.290430,263.4,EUR,Heraus allein See.
TX990536,CUST00548,PRD002,2024-10-25 07:07:30.677424,520.75,EUR,Gelb Kopf leicht und.
TX563714,CUST00198,PRD002,2021-02-03 17:28:30.328186,75.21,EUR,Warten werfen spät Fenster.
TX299686,CUST00821,PRD002,2022-05-10 07:30:02.028900,289.98,EUR,Liegen erschrecken Brief leise Ball.
TX242961,CUST00505,PRD001,2024-08-23 04:50:08.662204,370.19,EUR,Schwer helfen kennen Buch bekommen.
TX805488,CUST00011,PRD002,2025-04-17 19:40:34.216035,501.13,EUR,Da Hund.
TX458030,CUST00223,PRD003,2023-11-08 23:18:50.345628,347.43,EUR,Alle böse werden.
TX360884,CUST00540,PRD001,2023-05-22 12:36:22.595406,89.88,EUR,Warm den schön.
TX726500,CUST00822,PRD003,2022-05-16 02:29:55.729844,92.74,EUR,Fliegen lernen.
TX892797,CUST00905,PRD004,2024-11-04 14:11:16.057703,160.49,EUR,Allein Seite reiten Tür.
TX810891,CUST00536,PRD003,2024-11-18 19:47:36.320642,-395.67,EUR,Fisch nah.
TX674149,CUST00890,PRD004,2021-02-20 10:13:44.352329,147.59,EUR,Besser warum Spaß.
TX632904,CUST00711,PRD001,2021-12-01 16:18:29.561128,-38.62,EUR,Unten Schüler tot.
TX930877,CUST00260,PRD004,2025-01-27 22:26:36.978861,36.75,EUR,Fehlen Abend.
TX495084,CUST00758,PRD004,2025-06-29 21:05:50.393414,213.6,EUR,Arzt Sache Zeit.
TX850006,CUST00803,PRD004,2023-03-04 12:21:08.859324,337.65,EUR,Wünschen Lehrer nimmt kaufen.
TX714850,CUST00157,PRD003,2021-05-10 22:20:02.833169,397.8,EUR,Nur Dorf fressen.
TX361378,CUST00768,PRD002,2023-11-07 21:46:34.906621,-106.41,EUR,Kommen führen Affe uns Sonne.
TX657777,CUST00771,PRD001,2020-10-25 00:52:56.292830,109.84,EUR,Sonne turnen schwarz Eltern.
TX569661,CUST00193,PRD003,2021-01-15 16:01:43.088601,171.35,EUR,Maus fertig holen jetzt.
TX463842,CUST00929,PRD001,2021-06-10 05:36:48.347895,491.35,EUR,Feuer stark.
TX811298,CUST00528,PRD001,2020-09-06 14:51:27.789687,245.82,EUR,Packen Wasser bald Mann Spiel.
TX602090,CUST00882,PRD002,2023-03-22 23:22:41.063348,57.98,EUR,Affe fangen Haare dann es.
TX945038,CUST00336,PRD001,2022-08-07 18:05:56.139969,-72.48,EUR,Dem dürfen gehören.
TX636342,CUST00158,PRD004,2023-02-04 21:41:31.522311,190.72,EUR,Oben ja gewinnen.
TX440086,CUST00173,PRD004,2020-10-06 13:28:10.905434,302.13,EUR,Dir sehr Fuß an.
TX742134,CUST00776,PRD003,2021-10-10 15:04:02.609974,124.77,EUR,Oben glauben überall Kind zur.
TX914986,CUST00580,PRD003,2023-03-25 22:27:27.922329,-29.65,EUR,Zurück ruhig viel Wort.
TX159428,CUST00784,PRD003,2021-03-25 12:23:37.609156,231.83,EUR,Fragen um besser Tier letzte.
TX508361,CUST00093,PRD001,2024-11-01 17:24:28.043774,36.25,EUR,Zwischen Nacht drehen.
TX727585,CUST00194,PRD004,2023-08-21 14:41:10.430797,-146.09,EUR,Wetter hart Hunger Feuer.
TX502719,CUST00553,PRD004,2022-03-09 15:04:11.237215,309.26,EUR,Danach Leben Baum.
TX904307,CUST00850,PRD001,2021-09-07 00:21:25.281057,-22.71,EUR,Baden schicken holen genau Onkel.
TX691747,CUST00965,PRD001,2021-07-31 13:06:59.316224,179.08,EUR,Ins Winter Berg.
TX174692,CUST00510,PRD002,2023-04-01 15:11:19.476900,216.26,EUR,Leise führen.
TX863692,CUST00085,PRD003,2021-12-07 10:29:28.954462,13.94,EUR,Feuer Meer was früh warum.
TX936823,CUST00665,PRD003,2022-12-14 06:48:01.556494,224.62,EUR,Vor offen reich unter.
TX401811,CUST00276,PRD003,2025-01-05 23:33:57.699980,156.99,EUR,Ihn Zimmer gab nein.
TX581300,CUST00555,PRD003,2025-04-05 15:02:21.865483,69.22,EUR,Beißen essen glauben.
TX178893,CUST00017,PRD003,2021-03-01 07:25:12.538435,-70.76,EUR,Papa brauchen im sein.
TX887261,CUST00566,PRD001,2025-04-13 17:14:33.119569,43.45,EUR,Gewinnen glücklich können schreiben.
TX276309,CUST00026,PRD001,2021-10-02 21:20:12.598371,221.93,EUR,Zum wird heißen.
TX494693,CUST00148,PRD002,2024-06-05 00:44:01.398291,126.68,EUR,Ball Uhr unten schauen her.
TX343968,CUST00294,PRD003,2024-03-09 16:59:36.486020,-42.04,EUR,Beim drehen wieder.
TX183092,CUST00251,PRD004,2022-07-04 16:40:20.382605,-62.77,EUR,Teller Lehrerin wissen.
TX584854,CUST00499,PRD003,2021-02-20 02:43:09.794955,159.5,EUR,Hand gehören Minute.
TX776172,CUST00039,PRD002,2024-03-20 08:06:43.909033,-38.45,EUR,Oma Vater.
TX781505,CUST00601,PRD002,2024-03-14 05:25:25.771368,37.28,EUR,Polizei hin alle schlafen.
TX735153,CUST00137,PRD002,2024-10-20 20:03:02.381632,87.36,EUR,Zwischen für Angst vier was.
TX740971,CUST00806,PRD003,2024-10-22 11:08:53.641469,36.64,EUR,Also Gott.
TX717395,CUST00721,PRD002,2021-07-01 00:09:02.592782,153.04,EUR,Draußen werden Musik.
TX820631,CUST00461,PRD003,2020-10-07 04:59:29.734625,-32.75,EUR,Frei weiß.
TX894826,CUST00525,PRD002,2023-12-06 07:05:37.492717,96.1,EUR,Hilfe oder verlieren.
TX249305,CUST00104,PRD004,2024-07-22 01:20:09.683836,-31.45,EUR,Lustig ab um.
TX658940,CUST00749,PRD002,2022-08-18 08:25:25.083134,-182.79,EUR,Hinein Nase gleich zehn uns.
TX688208,CUST00020,PRD002,2023-06-24 12:39:13.926993,122.24,EUR,Arbeiten Seite.
TX373512,CUST00118,PRD001,2021-08-07 17:53:09.303703,330.79,EUR,Schaffen hinter Schnee.
TX503944,CUST00874,PRD004,2021-04-29 16:09:36.742518,149.55,EUR,Oben Schiff einmal Apfel.
TX924396,CUST00149,PRD003,2022-12-11 12:41:14.326070,157.28,EUR,Geschenk ob hören.
TX158376,CUST00133,PRD004,2022-08-16 22:32:17.554250,-109.92,EUR,Katze Schnee zeigen.
TX514573,CUST00999,PRD001,2021-02-01 16:49:44.451863,369.34,EUR,Meer acht glauben.
TX247255,CUST00742,PRD001,2024-06-01 17:53:15.324958,259.71,EUR,Besser sein.
TX353107,CUST00915,PRD001,2025-04-10 21:47:44.888004,8.91,EUR,Tier schaffen Buch fröhlich.
TX594704,CUST00835,PRD003,2024-08-30 10:45:06.911888,478.68,EUR,Beim zur kam Herr.
TX837403,CUST00296,PRD004,2022-01-08 16:15:33.517673,-149.01,EUR,Machen sofort der.
TX522781,CUST00674,PRD001,2025-01-31 07:28:55.819233,-87.15,EUR,Aus werden gestern jung im.
TX730364,CUST00322,PRD002,2025-03-11 13:36:07.088246,228.07,EUR,Geben zeigen sagen kein letzte.
TX569950,CUST00728,PRD004,2022-12-29 02:45:44.557793,106.96,EUR,Steigen deshalb sehen erschrecken.
TX643856,CUST00296,PRD003,2022-11-08 23:40:36.188935,-157.06,EUR,Weil einigen.
TX657524,CUST00716,PRD004,2024-02-11 09:37:50.876125,-104.26,EUR,Lachen erzählen beißen.
TX914809,CUST00320,PRD001,2021-08-25 23:25:10.710059,-89.56,EUR,Dort Nacht.
TX648778,CUST00230,PRD003,2024-08-15 14:37:53.912253,135.94,EUR,Zug man neun waschen.
TX297852,CUST00095,PRD003,2020-09-11 02:24:14.681039,478.68,EUR,Woche Pferd finden gibt warten.
TX626115,CUST00960,PRD002,2022-04-22 18:31:39.473526,-193.3,EUR,Wer spät.
TX416030,CUST00314,PRD004,2023-11-05 15:51:39.756878,-66.82,EUR,Letzte verkaufen Kopf zeigen dort.
TX260305,CUST00954,PRD003,2023-12-06 05:48:56.059849,-217.16,EUR,Herz Fuß vor Schuh.
TX732046,CUST00661,PRD001,2021-08-31 04:25:24.861219,249.79,EUR,Weg fragen.
TX374628,CUST00802,PRD002,2024-07-08 07:07:56.403591,176.62,EUR,Merken turnen schaffen.
TX549844,CUST00268,PRD002,2025-05-25 01:29:05.342450,-75.65,EUR,Schwester endlich zur Bruder.
TX399362,CUST00437,PRD002,2023-01-30 01:31:04.573653,7.29,EUR,Früh Teller Fuß Apfel stark.
TX919494,CUST00724,PRD003,2022-01-11 21:58:01.828726,4.81,EUR,Ziehen voll Minute deshalb gehören.
TX161176,CUST00065,PRD003,2020-10-12 06:39:55.795526,-207.44,EUR,Mensch heißen und.
TX898991,CUST00616,PRD003,2021-08-31 12:07:55.153695,553.31,EUR,Beißen laut schlimm.
TX743154,CUST00462,PRD001,2021-10-01 15:44:48.968096,-43.15,EUR,Lehrerin scheinen Glück.
TX676628,CUST00675,PRD001,2022-05-06 05:14:44.397652,8.55,EUR,Andere also leben Pferd.
TX153309,CUST00923,PRD002,2022-06-10 18:10:37.334934,-208.34,EUR,Fahrrad wissen alle Auge holen.
TX589815,CUST00229,PRD004,2025-04-08 02:00:03.194573,-88.96,EUR,Wasser Tisch Zimmer oft.
TX695336,CUST00709,PRD001,2024-09-01 22:32:26.735968,195.1,EUR,Denken sein Polizei.
TX886343,CUST00911,PRD004,2023-01-02 05:08:13.781575,243.83,EUR,Spaß fahren machen Mensch etwas.
TX754935,CUST00789,PRD002,2023-01-15 04:21:28.539980,-39.91,EUR,Heißen es lernen Minute krank.
TX176102,CUST00518,PRD003,2024-01-02 08:06:12.081194,-86.63,EUR,Natürlich kommen.
TX768332,CUST00550,PRD001,2024-10-10 23:51:04.725904,410.96,EUR,Durch Land.
TX973811,CUST00445,PRD003,2024-06-27 02:52:45.649950,144.36,EUR,Schlimm Haare andere tot.
TX916536,CUST00839,PRD004,2022-05-22 16:52:56.684268,71.39,EUR,Gegen Wasser sprechen.
TX747929,CUST00943,PRD002,2020-12-19 21:09:41.056666,383.74,EUR,Beispiel war daran müde schon.
TX522988,CUST00182,PRD002,2023-04-18 22:17:18.737828,111.59,EUR,Den danach wohl Mama fallen.
TX927438,CUST00943,PRD003,2024-08-29 01:20:47.707963,434.49,EUR,Zahl mal über bald.
TX716786,CUST00934,PRD003,2023-02-22 07:49:03.793199,-299.3,EUR,Klein andere müde war Freund.
TX847225,CUST00478,PRD002,2023-06-01 18:42:41.078766,-121.13,EUR,Gehören da was antworten.
TX136213,CUST00334,PRD004,2024-05-20 12:55:34.170118,231.27,EUR,Opa laut neun Herz.
TX666613,CUST00014,PRD003,2025-04-29 22:57:25.796361,418.6,EUR,Papa rufen kennen als.
TX620865,CUST00891,PRD003,2022-11-17 07:27:12.873388,-107.61,EUR,Sonne möglich kann fertig.
TX139630,CUST00839,PRD004,2023-12-20 20:03:53.272721,-39.58,EUR,Weit Glas Sommer verstecken Mama.
TX292557,CUST00972,PRD002,2024-05-20 17:10:35.140404,88.76,EUR,Boden überall sonst ihm.
TX830512,CUST00928,PRD004,2023-12-29 09:50:41.974279,-247.33,EUR,Groß oft merken kommen.
TX923861,CUST00272,PRD002,2025-04-09 04:22:39.027738,-108.86,EUR,Durch Fuß.
TX122126,CUST00727,PRD003,2025-06-22 06:04:06.310200,66.68,EUR,Schenken mich halten.
TX252212,CUST00565,PRD002,2021-08-01 13:09:32.240265,149.51,EUR,Gelb gewinnen das gab wissen.
TX126578,CUST00594,PRD003,2020-09-28 06:33:48.484058,-181.01,EUR,Zeigen Spiel reiten.
TX499834,CUST00221,PRD002,2021-04-02 16:25:43.678663,-160.78,EUR,Seit alle unten bald.
TX575604,CUST00736,PRD003,2022-05-16 20:55:49.869779,-321.27,EUR,Um öffnen kurz.
TX222822,CUST00940,PRD001,2024-03-17 21:10:07.934620,37.58,EUR,Lange Apfel jung früher Zeit.
TX513655,CUST00657,PRD004,2022-04-12 07:04:12.806862,253.45,EUR,Dann Mutter laufen.
TX778837,CUST00140,PRD002,2021-12-19 10:21:38.550490,-97.38,EUR,Laufen uns ihr Boden beißen.
TX342435,CUST00947,PRD002,2023-10-31 07:27:37.717620,-26.67,EUR,Schwester neu sofort nur.
TX722523,CUST00233,PRD003,2024-07-28 16:58:39.030378,253.62,EUR,Springen Hilfe zusammen.
TX418541,CUST00097,PRD003,2022-07-17 05:36:40.477916,92.87,EUR,Acht Schwester.
TX768107,CUST00183,PRD004,2025-05-28 07:12:36.376437,202.18,EUR,Jeder darauf aus los.
TX271267,CUST00649,PRD002,2021-12-15 07:37:33.230994,-117.24,EUR,Spaß wollen unten.
TX288918,CUST00951,PRD003,2022-10-07 21:45:17.811330,75.74,EUR,Bett Fenster.
TX500829,CUST00782,PRD001,2023-04-10 04:40:04.262952,506.83,EUR,Später Wasser.
TX930124,CUST00369,PRD004,2020-12-24 11:47:46.313732,-274.61,EUR,Schwarz nein stark.
TX860227,CUST00922,PRD002,2022-07-31 08:37:30.522671,455.28,EUR,Wer dein vielleicht.
TX226766,CUST00861,PRD003,2023-02-19 05:58:27.870368,129.51,EUR,Sollen aus rennen aber.
TX826845,CUST00161,PRD003,2021-08-24 20:15:14.763618,-109.99,EUR,Gut Mensch gar.
TX159428,CUST00146,PRD003,2020-07-17 15:29:19.740609,-24.31,EUR,Fröhlich Mensch.
TX359809,CUST00963,PRD001,2023-04-28 16:59:50.039607,360.21,EUR,Wollen Milch einmal springen tief.
TX758094,CUST00254,PRD002,2021-09-22 15:39:05.937921,4.14,EUR,Heißen Minute genau.
TX257846,CUST00174,PRD002,2024-08-05 02:06:11.000728,369.07,EUR,Küche zum dein sechs.
TX923111,CUST00745,PRD001,2022-05-03 18:33:18.683928,112.79,EUR,Hinter tragen.
TX947112,CUST00333,PRD003,2022-03-23 10:02:45.085997,461.99,EUR,Kann drei.
TX923344,CUST00237,PRD002,2025-02-06 07:29:06.698646,-23.16,EUR,Weg mögen deshalb nun Schule.
TX369781,CUST00311,PRD004,2021-06-14 20:03:31.472712,109.73,EUR,Suchen ihn Monat setzen packen.
TX694086,CUST00085,PRD003,2021-04-13 08:26:20.248015,6.95,EUR,Genau Junge Geschichte baden.
TX463508,CUST00752,PRD002,2022-01-01 22:08:54.245980,372.79,EUR,Dich Vater spielen dein.
TX469567,CUST00059,PRD001,2024-04-27 14:49:10.688382,373.15,EUR,Schiff Lehrerin.
TX468074,CUST00826,PRD001,2023-03-09 17:12:05.689513,-20.31,EUR,Wir Monate heraus jeder.
TX447665,CUST00027,PRD003,2024-06-17 04:17:04.360415,37.86,EUR,Land zehn.
TX773967,CUST00631,PRD004,2024-08-20 03:20:36.017232,-99.67,EUR,Drei kam.
TX464586,CUST00842,PRD004,2022-10-12 22:37:20.006591,181.58,EUR,Polizei sofort.
TX887010,CUST00822,PRD002,2021-08-21 17:24:13.798914,321.28,EUR,Dafür alle.
TX133761,CUST00881,PRD002,2021-07-31 19:46:01.550207,206.33,EUR,Viel doch Schnee letzte.
TX502112,CUST00390,PRD001,2022-12-21 00:14:47.694646,539.34,EUR,Licht genau alt was.
TX746228,CUST00712,PRD003,2020-11-09 07:38:11.980975,207.97,EUR,Ende auch eigentlich Spiel.
TX710663,CUST00265,PRD001,2021-02-24 18:04:25.009022,128.36,EUR,Monat Mädchen rufen gehen.
TX573976,CUST00773,PRD002,2021-03-30 02:33:23.871161,114.63,EUR,See lernen alt schnell immer.
TX693440,CUST00515,PRD003,2023-07-02 23:38:01.670612,193.06,EUR,Suchen Fuß darin zu wohl.
TX218385,CUST00437,PRD001,2021-10-24 12:37:12.759851,158.21,EUR,Hase ziehen bis.
TX318023,CUST00429,PRD004,2022-07-15 02:55:39.900764,-8.8,EUR,Spaß Baum Papa frei vom.
TX582257,CUST00178,PRD001,2020-12-31 09:13:52.254702,480.09,EUR,Dir wohnen fünf rechnen.
TX896740,CUST00907,PRD002,2024-06-28 02:06:07.679933,102.25,EUR,Merken rennen langsam Zimmer.
TX123828,CUST00084,PRD001,2021-09-04 10:29:03.131992,257.64,EUR,Gleich dazu.
TX946333,CUST00986,PRD002,2020-09-03 23:46:35.601615,67.03,EUR,Mutter kalt.
TX914608,CUST00695,PRD002,2024-12-29 11:19:03.855782,-197.79,EUR,Boden packen warm Glas.
TX894695,CUST00035,PRD003,2023-05-23 09:38:07.810133,19.48,EUR,Mit klein.
TX931928,CUST00662,PRD003,2022-04-04 14:42:44.078030,224.25,EUR,Beißen erschrecken oben Stunde.
TX304971,CUST00998,PRD002,2023-11-28 11:28:44.022893,346.07,EUR,Groß Kopf Haare wieder.
TX107792,CUST00744,PRD003,2021-08-13 17:02:14.347671,138.98,EUR,Suchen lernen sieht auch.
TX597054,CUST00517,PRD001,2024-11-16 11:37:33.714586,-25.72,EUR,Fährt Papa Herz fröhlich.
TX632902,CUST00321,PRD004,2021-08-11 09:28:54.797925,383.4,EUR,Schön Mann Straße wir.
TX922946,CUST00450,PRD002,2022-01-04 10:54:33.180955,5.91,EUR,Wetter Freude.
TX157186,CUST00286,PRD001,2025-06-12 21:14:39.405621,165.58,EUR,Gefährlich reiten.
TX498071,CUST00583,PRD002,2023-12-31 01:55:08.847887,366.36,EUR,Freund Haus zeigen grün.
TX158350,CUST00330,PRD003,2022-12-07 07:55:09.591201,-36.13,EUR,Gesund darin Frage Bett machen.
TX878713,CUST00518,PRD003,2020-08-05 11:23:55.785053,-121.5,EUR,Frei Opa Minute überall.
TX610353,CUST00528,PRD002,2022-09-24 15:48:24.629916,-55.23,EUR,Tisch Mutter.
TX580780,CUST00669,PRD001,2022-02-18 02:38:59.861551,177.43,EUR,Hat gestern Erde viel jetzt.
TX749259,CUST00940,PRD001,2023-01-17 01:36:42.793956,-3.4,EUR,Nämlich alt baden besser.
TX453333,CUST00226,PRD002,2021-07-10 22:54:47.427003,98.85,EUR,Offen dir gewinnen.
TX425526,CUST00574,PRD003,2021-03-31 17:31:08.372514,378.93,EUR,Fest Finger Abend.
TX107797,CUST00443,PRD003,2021-03-18 05:35:40.005831,210.72,EUR,Packen scheinen wenig endlich.
TX228037,CUST00606,PRD003,2021-07-27 02:17:49.388034,192.68,EUR,Ist erzählen Schule.
TX549032,CUST00036,PRD002,2023-09-17 22:15:06.066590,-30.31,EUR,Einige reich wird.
TX789361,CUST00753,PRD001,2020-10-17 02:56:43.740941,45.78,EUR,Fisch Haare dir nennen.
TX548922,CUST00013,PRD002,2023-08-14 12:41:41.155784,-62.07,EUR,Mama früher.
TX596796,CUST00806,PRD004,2024-11-18 04:52:11.531826,327.41,EUR,Ihm ihr hart.
TX101191,CUST00190,PRD004,2022-06-09 00:37:39.541108,65.18,EUR,Minutenmir wer.
TX660855,CUST00361,PRD004,2025-02-01 21:21:38.517959,138.72,EUR,Mutter Kind sonst.
TX779698,CUST00478,PRD004,2024-03-13 12:09:10.470205,106.4,EUR,Drehen ganz.
TX378040,CUST00028,PRD002,2020-11-14 12:37:42.356645,413.66,EUR,Oma Wiese Mama.
TX391936,CUST00915,PRD004,2023-01-18 03:12:06.388295,-46.45,EUR,Zwischen über Mädchen nennen können.
TX560146,CUST00356,PRD003,2022-04-05 15:53:14.579725,309.95,EUR,Wenn ohne suchen nichts.
TX604904,CUST00800,PRD003,2022-07-08 22:00:38.862315,123.51,EUR,Brauchen ruhig traurig Oma.
TX892615,CUST00107,PRD002,2023-05-11 04:50:28.814201,19.91,EUR,Will schicken fangen Tisch Licht.
TX630345,CUST00434,PRD001,2021-09-23 09:27:45.337935,55.49,EUR,Vielleicht Hunger spielen zurück lachen.
TX309576,CUST00063,PRD003,2022-08-09 11:37:09.151217,-12.73,EUR,Heißen ließ lange.
TX924059,CUST00598,PRD002,2023-11-11 03:24:21.645610,-156.38,EUR,Zu können dick.
TX504347,CUST00768,PRD001,2024-03-11 19:38:25.840281,184.03,EUR,So mit Bild.
TX641777,CUST00115,PRD002,2021-12-26 17:19:30.562443,-45.57,EUR,Kopf Tier Stein weiß.
TX222019,CUST00066,PRD001,2024-12-28 09:31:48.971903,121.97,EUR,Leute möglich vor Zeit.
TX113719,CUST00078,PRD002,2025-02-09 04:34:47.005150,172.57,EUR,Tier Essen Sohn.
TX255872,CUST00282,PRD001,2022-02-13 23:35:46.202958,114.55,EUR,Wasser fliegen dann Maus finden.
TX396772,CUST00480,PRD003,2024-05-13 05:17:55.503718,63.49,EUR,Dem auch.
TX759881,CUST00403,PRD004,2023-04-03 09:49:58.585209,412.52,EUR,Auge Zeitung Spaß ihm.
TX587660,CUST00196,PRD003,2021-02-27 14:00:41.057681,168.31,EUR,Sieben einfach öffnen.
TX181787,CUST00825,PRD002,2024-02-13 01:10:35.824112,75.23,EUR,Einige sind.
TX381653,CUST00530,PRD003,2024-03-26 21:29:17.035731,231.23,EUR,Es noch.
TX769354,CUST00213,PRD004,2022-09-09 20:02:06.989788,6.95,EUR,Arbeit legen Küche treffen.
TX299010,CUST00605,PRD001,2023-06-04 21:59:27.692635,55.18,EUR,Auto Nacht.
TX715499,CUST00597,PRD004,2022-05-03 10:37:48.091733,-47.2,EUR,Nein will wichtig.
TX875288,CUST00601,PRD002,2022-11-10 11:31:28.810209,14.75,EUR,Minutenmir mal Auto.
TX937116,CUST00228,PRD002,2025-04-28 15:36:41.966878,203.01,EUR,Finger Beispiel nun.
TX998357,CUST00830,PRD004,2024-12-10 01:14:07.546243,91.1,EUR,Glas müde.
TX612861,CUST00302,PRD002,2024-10-25 02:50:33.400968,-32.2,EUR,Bleiben halbe schlecht Zug.
TX100089,CUST00671,PRD002,2025-02-28 00:26:18.423746,-41.1,EUR,Monate Bild bauen Meer zur.
TX400880,CUST00997,PRD004,2024-10-07 01:17:12.980297,-65.79,EUR,Sein verlieren lustig schicken Sonntag.
TX619344,CUST00712,PRD001,2021-10-14 22:25:18.789220,229.82,EUR,Damit hat.
TX445018,CUST00906,PRD001,2025-05-26 11:44:16.191300,-91.21,EUR,Zurück nur jetzt.
TX514824,CUST00599,PRD001,2024-04-24 17:34:21.377861,70.95,EUR,Zusammen ob klein.
TX662237,CUST00782,PRD002,2020-10-09 11:42:20.862104,-18.46,EUR,Beide Nacht besser.
TX935384,CUST00510,PRD001,2024-08-07 20:47:04.641930,-118.71,EUR,Bald nie Zug Glück weg.
TX131827,CUST00630,PRD001,2023-12-16 17:54:18.245435,-135.79,EUR,Spaß Hand mögen.
TX135188,CUST00899,PRD004,2024-12-24 23:10:40.223161,149.47,EUR,Warum zeigen alle kaufen hinein.
TX297029,CUST00323,PRD003,2023-10-15 05:03:50.313206,50.83,EUR,Berg fest verlieren weiter.
TX323534,CUST00039,PRD002,2020-09-20 06:42:25.679406,149.57,EUR,Nehmen fliegen gehören Eltern über.
TX691809,CUST00516,PRD004,2022-07-04 19:10:37.710697,17.84,EUR,Vom lesen hart zusammen holen.
TX264098,CUST00321,PRD004,2021-08-02 12:30:34.953761,122.68,EUR,So bekommen liegen.
TX634976,CUST00774,PRD004,2023-01-08 07:26:19.192097,247.21,EUR,Gut zur darauf.
TX449740,CUST00185,PRD003,2022-11-07 03:35:46.471172,-100.95,EUR,Unter Bett kommen Essen.
TX735464,CUST00389,PRD002,2024-07-03 00:13:06.385698,86.41,EUR,Packen führen zur.
TX701442,CUST00218,PRD001,2022-10-07 22:21:25.503066,155.56,EUR,Schlimm über wenig her Affe.
TX703326,CUST00471,PRD001,2025-01-19 12:06:55.804454,-154.4,EUR,Legen weg dir.
TX944884,CUST00548,PRD004,2023-12-14 21:23:14.100804,216.36,EUR,Bei zusammen kann turnen war.
TX706514,CUST00895,PRD003,2022-04-11 17:37:57.521155,467.4,EUR,Jung Frau setzen.
TX709727,CUST00024,PRD003,2024-03-14 09:15:58.048737,-21.94,EUR,Neu draußen Monat.
TX995633,CUST00376,PRD004,2024-12-21 17:19:59.345246,210.98,EUR,Da schwarz.
TX702846,CUST00286,PRD003,2022-06-11 09:05:40.093994,141.19,EUR,Nur kann antworten.
TX533159,CUST00075,PRD001,2024-01-02 13:22:52.093226,198.25,EUR,Steigen nein unter.
TX777182,CUST00641,PRD004,2022-09-16 15:57:43.785381,638.04,EUR,Etwas Luft schlimm baden nah.
TX462107,CUST00335,PRD003,2022-07-29 05:13:57.720309,457.45,EUR,Wort hoch gehören.
TX730488,CUST00280,PRD004,2024-11-06 17:46:57.064982,294.42,EUR,Erde Ball jeder stehen uns.
TX634888,CUST00682,PRD004,2022-07-22 21:06:33.219308,266.54,EUR,Hund oder.
TX666943,CUST00900,PRD002,2024-03-11 17:53:41.228840,57.12,EUR,Drehen jetzt Tür zwei Tisch.
TX181195,CUST00943,PRD004,2025-02-04 03:11:55.486887,-64.97,EUR,Zimmer sind hoch Ball schlimm.
TX757188,CUST00575,PRD001,2024-01-02 20:01:38.795836,10.51,EUR,Viel glücklich.
TX323296,CUST00715,PRD002,2020-08-20 01:41:15.060234,142.44,EUR,Seite grün tief sollen.
TX393054,CUST00326,PRD001,2021-11-20 20:50:42.680141,407.27,EUR,Mama vom.
TX452685,CUST00755,PRD002,2021-04-19 16:13:26.755401,-13.14,EUR,Geschichte hier liegen Himmel zwischen.
TX258960,CUST00917,PRD001,2022-11-18 05:46:02.313088,-473.94,EUR,Klettern trinken.
TX350667,CUST00934,PRD002,2023-11-29 07:50:00.875168,131.89,EUR,Erzählen gut.
TX477592,CUST00440,PRD004,2022-09-15 07:26:33.120417,28.72,EUR,Wichtig Teller einmal.
TX917209,CUST00054,PRD004,2024-06-17 11:53:08.310699,137.76,EUR,Finden ganz fressen.
TX637911,CUST00595,PRD004,2025-06-24 23:28:26.171170,-25.75,EUR,Ein Musik.
TX822965,CUST00683,PRD003,2022-10-27 17:38:53.441988,-57.2,EUR,Ins lassen groß draußen zurück.
TX697077,CUST00359,PRD001,2022-04-23 04:20:36.847384,128.83,EUR,Fahrrad nur waschen Milch.
TX219869,CUST00264,PRD002,2024-09-01 02:45:29.193454,-57.81,EUR,Schüler aus bekommen nimmt Tür.
TX615141,CUST00303,PRD002,2022-01-27 19:48:14.835784,-242.52,EUR,Einmal man.
TX368893,CUST00209,PRD001,2021-11-10 03:48:05.689610,89.35,EUR,Mal braun.
TX614387,CUST00445,PRD002,2023-10-29 10:47:30.474462,-207.91,EUR,Reiten nur fertig.
TX803612,CUST00298,PRD002,2024-07-17 10:27:25.583781,207.45,EUR,Freund dem.
TX763021,CUST00620,PRD003,2023-11-13 23:08:26.708942,95.12,EUR,Laut eigentlich legen.
TX715691,CUST00972,PRD001,2021-11-14 05:22:28.546710,68.14,EUR,Merken Fußball zwischen verstehen.
TX104094,CUST00140,PRD002,2020-09-02 16:17:05.705982,232.32,EUR,Sonne wirklich glücklich brauchen.
TX797237,CUST00412,PRD002,2021-10-06 03:21:23.733839,180.56,EUR,Spät Leute.
TX132271,CUST00924,PRD001,2024-05-10 10:32:56.270988,41.22,EUR,Schluss Meer.
TX283990,CUST00495,PRD003,2021-05-15 17:43:51.956408,343.82,EUR,Nass Wohnung dauern eigentlich schwer.
TX496593,CUST00710,PRD001,2024-05-04 05:31:46.958818,38.11,EUR,Weiß fahren.
TX809488,CUST00454,PRD003,2022-12-30 11:47:06.864023,105.59,EUR,Mit so frei dürfen.
TX311999,CUST00954,PRD002,2024-11-07 10:53:28.356880,192.38,EUR,Voll oben Zeit Leben.
TX749277,CUST00269,PRD003,2025-05-29 06:44:16.315763,185.74,EUR,Wird trinken sollen.
TX643059,CUST00315,PRD001,2021-08-30 09:56:00.855141,83.06,EUR,Dort bin her wir.
TX520477,CUST00777,PRD001,2022-12-08 16:35:13.311170,39.07,EUR,Sicher das.
TX666144,CUST00079,PRD004,2023-03-08 06:26:55.261981,128.56,EUR,Erklären mich bekommen.
TX685783,CUST00577,PRD001,2023-11-24 11:05:26.497920,-241.07,EUR,Im Monate Brief trinken.
TX447113,CUST00571,PRD004,2021-01-03 00:05:22.339538,157.09,EUR,Dürfen gab Seite nennen Weg.
TX313910,CUST00023,PRD001,2025-01-30 15:28:52.879006,47.01,EUR,Fertig uns.
TX613127,CUST00774,PRD001,2024-02-04 06:31:58.046727,-70.93,EUR,Berg heraus nichts haben.
TX356525,CUST00793,PRD001,2025-06-11 01:29:50.260340,-112.73,EUR,Er können Abend.
TX780932,CUST00044,PRD004,2023-03-21 16:31:31.754239,-36.57,EUR,Neben hören.
TX332811,CUST00351,PRD002,2021-05-27 06:20:20.864263,310.08,EUR,Katze reich.
TX319210,CUST00686,PRD002,2023-05-31 05:10:32.001704,-17.42,EUR,Packen wer wird sollen finden.
TX422111,CUST00888,PRD004,2021-07-03 13:22:04.017943,516.89,EUR,Auge gefährlich uns lieb.
TX751108,CUST00110,PRD003,2023-08-12 04:48:44.116063,72.97,EUR,Hunger stark Freund einigen.
TX443080,CUST00279,PRD003,2022-07-04 03:27:32.488919,24.14,EUR,Gehen es.
TX878327,CUST00316,PRD004,2023-12-08 03:16:42.822738,179.11,EUR,Gesund aber Baum.
TX135585,CUST00933,PRD002,2022-04-02 00:10:42.615535,468.47,EUR,Darauf Geburtstag.
TX528064,CUST00039,PRD004,2022-09-19 17:11:45.087988,122.24,EUR,Er kennen kommen wie.
TX675390,CUST00091,PRD002,2023-04-20 04:02:31.351588,171.43,EUR,Wort werden.
TX530535,CUST00813,PRD001,2022-12-18 22:38:52.709467,-87.93,EUR,Wichtig suchen offen dumm.
TX244389,CUST00778,PRD001,2025-02-14 08:33:46.027663,-145.83,EUR,Fliegen über dumm.
TX352764,CUST00953,PRD002,2025-06-16 08:54:27.505071,206.84,EUR,Maus der Arzt besser.
TX386534,CUST00993,PRD004,2022-01-13 19:22:12.459156,50.74,EUR,Sonne Stelle.
TX507680,CUST00022,PRD001,2021-04-22 13:37:33.458196,206.27,EUR,Weiß schicken ich.
TX753425,CUST00966,PRD001,2023-04-16 10:49:46.391699,-87.44,EUR,Ihr singen richtig.
TX564319,CUST00468,PRD003,2024-10-20 09:48:05.679531,-69.64,EUR,Glück Milch Bauer müssen aus.
TX881121,CUST00970,PRD001,2024-02-08 11:17:25.252309,-338.93,EUR,Dazu nichts hinein ab Schnee.
TX647265,CUST00360,PRD003,2023-11-01 14:51:03.193500,-201.33,EUR,Schluss Bauer.
TX267602,CUST00288,PRD003,2022-07-01 03:14:08.599499,197.69,EUR,Waschen Auge Klasse.
TX471939,CUST00012,PRD001,2020-08-24 17:25:54.116853,-139.13,EUR,Bin ja Wohnung leise.
TX286193,CUST00544,PRD002,2022-04-10 16:59:22.676599,377.49,EUR,Schicken heißen eigentlich Freude fehlen.
TX156762,CUST00438,PRD002,2024-11-12 15:27:38.469628,184.33,EUR,Hunger halten kurz.
TX173393,CUST00443,PRD001,2025-05-25 01:19:47.075368,-85.75,EUR,Eigentlich Spaß braun.
TX147320,CUST00283,PRD002,2022-11-29 18:46:24.542781,263.53,EUR,Halten können Woche.
TX273039,CUST00217,PRD003,2025-05-20 11:16:26.731069,67.88,EUR,Hart Tag letzte Boden nächste.
TX224049,CUST00073,PRD004,2024-03-19 17:02:51.682155,210.79,EUR,Woche darauf zeigen rechnen.
TX758438,CUST00277,PRD001,2022-05-17 23:04:30.641218,325.58,EUR,Grün groß Vater Fuß merken.
TX235922,CUST00107,PRD003,2022-11-15 09:12:08.235848,-268.8,EUR,Zwei zur gut nimmt.
TX806735,CUST00174,PRD001,2024-05-13 02:09:24.724892,53.28,EUR,Fuß Ende.
TX807694,CUST00986,PRD003,2022-03-26 00:51:05.606487,-137.1,EUR,Gab Eltern sollen.
TX754071,CUST00940,PRD003,2023-02-26 20:30:53.506632,199.27,EUR,Dick nimmt.
TX574424,CUST00794,PRD001,2022-07-02 07:13:34.358949,88.0,EUR,Verlieren sitzen wohnen Nase.
TX921001,CUST00322,PRD001,2023-12-22 20:28:50.247602,150.98,EUR,Straße man lassen langsam ein.
TX578866,CUST00900,PRD004,2025-03-05 19:23:32.686865,-326.32,EUR,Woche Zahl essen Seite.
TX339624,CUST00457,PRD002,2021-04-03 05:51:33.824711,-61.96,EUR,Wünschen schauen kaufen Leute.
TX297803,CUST00795,PRD001,2025-01-14 20:09:01.842414,138.05,EUR,Hängen sprechen sehr Zug.
TX719748,CUST00468,PRD003,2024-11-15 02:52:44.828607,-190.27,EUR,Durch müssen arbeiten.
TX978240,CUST00600,PRD004,2023-01-26 10:07:18.872591,-17.06,EUR,Weg dabei Hand.
TX777423,CUST00260,PRD002,2020-09-19 22:12:43.664700,89.74,EUR,Fahrrad mehr wer Jahr.
TX268140,CUST00261,PRD002,2021-03-01 04:08:01.175788,-75.87,EUR,Sonntag Haus lernen.
TX908468,CUST00449,PRD002,2021-07-15 04:25:37.056903,-12.72,EUR,Sache bald dick.
TX635178,CUST00828,PRD001,2024-03-06 23:38:21.747700,-18.75,EUR,Er gehen Mann.
TX285801,CUST00690,PRD002,2021-01-20 06:47:47.892443,-180.05,EUR,Nämlich Straße schlimm.
TX798049,CUST00609,PRD001,2024-10-28 05:06:50.031600,204.8,EUR,Freund später wichtig.
TX740598,CUST00445,PRD004,2021-12-29 16:38:40.033205,-24.69,EUR,Erzählen auf Tante wenig.
TX202636,CUST00096,PRD004,2022-06-28 15:56:44.140249,-22.21,EUR,Damit erst.
TX275612,CUST00414,PRD002,2024-09-20 17:29:55.274475,5.72,EUR,Dort Pferd Wissen vielleicht.
TX939298,CUST00927,PRD003,2021-03-12 10:25:48.742232,158.42,EUR,Milch Essen.
TX321086,CUST00411,PRD003,2023-03-20 06:29:16.607895,408.96,EUR,Wo helfen werden.
TX569314,CUST00604,PRD002,2021-05-29 03:20:27.238880,84.57,EUR,Brauchen schlagen.
TX816861,CUST00031,PRD003,2021-10-05 06:04:33.111735,318.32,EUR,Kommen Schule aus laut.
TX318874,CUST00221,PRD001,2022-09-02 06:40:33.320333,93.74,EUR,Was Essen.
TX857932,CUST00024,PRD001,2022-05-02 22:35:59.281955,123.12,EUR,Bein früher zwei denn vom.
TX281566,CUST00323,PRD003,2023-08-19 11:42:59.108816,15.14,EUR,Jahr glücklich.
TX841537,CUST00214,PRD003,2020-11-19 06:42:36.855170,-89.8,EUR,Früh erklären darin was.
TX138943,CUST00331,PRD003,2024-09-30 07:30:51.443071,63.25,EUR,Kochen Familie es darauf.
TX559848,CUST00065,PRD004,2020-07-23 02:11:57.850546,361.33,EUR,Über besser.
TX903903,CUST00441,PRD003,2021-11-22 03:14:17.726370,345.36,EUR,Garten kalt.
TX393955,CUST00611,PRD003,2025-06-07 17:12:41.528868,-32.92,EUR,Die lustig drehen Stein weil.
TX297338,CUST00588,PRD004,2024-02-03 16:55:01.844876,150.74,EUR,Sollen klein die rufen schwimmen.
TX459638,CUST00354,PRD002,2023-03-24 13:28:35.210984,322.02,EUR,Bild so wenn schauen laut.
TX850287,CUST00944,PRD004,2024-01-01 04:04:45.885866,274.19,EUR,Leute Schnee.
TX835650,CUST00956,PRD003,2024-05-12 19:27:07.134136,298.98,EUR,Weg Herz Platz.
TX661709,CUST00632,PRD004,2023-07-23 13:28:25.600622,74.13,EUR,Papa Schüler dumm Monate.
TX318569,CUST00970,PRD002,2022-08-23 20:37:43.087829,264.58,EUR,Bauen drehen Hand.
TX769354,CUST00358,PRD002,2023-09-12 10:45:16.402400,180.9,EUR,Wie erklären Familie schwimmen.
TX383370,CUST00956,PRD004,2024-09-20 07:18:58.203671,74.99,EUR,Dumm Vater.
TX237280,CUST00819,PRD003,2020-11-20 11:46:33.787143,500.96,EUR,Laut verstecken leicht Wald gelb.
TX817143,CUST00506,PRD002,2022-11-25 12:48:07.614416,-192.53,EUR,Über tief.
TX934279,CUST00936,PRD004,2022-01-29 19:00:43.737598,111.73,EUR,Stark aber leicht.
TX862887,CUST00846,PRD002,2023-08-13 09:19:20.344945,211.19,EUR,Dunkel uns.
TX723466,CUST00513,PRD003,2022-10-07 22:24:04.246830,11.69,EUR,Alle dick Familie.
TX238021,CUST00035,PRD001,2025-01-10 04:14:41.604333,-129.8,EUR,Sich leicht einmal früher nehmen.
TX824134,CUST00589,PRD002,2024-07-29 11:20:16.353278,-19.58,EUR,Alt holen.
TX339417,CUST00017,PRD004,2025-01-28 04:55:24.710891,-79.37,EUR,Spielen also groß.
TX791087,CUST00420,PRD001,2024-03-16 23:29:40.839711,-99.62,EUR,Durch anfangen verstecken.
TX483968,CUST00620,PRD001,2022-08-10 15:49:06.715418,-70.71,EUR,Hängen neun lustig sechs.
TX907320,CUST00790,PRD003,2023-10-31 07:13:34.341606,51.03,EUR,Über versuchen Stück leben Jahr.
TX450466,CUST00944,PRD001,2022-04-22 00:42:08.554651,-75.66,EUR,Ganz weit ging sollen.
TX723287,CUST00939,PRD004,2022-02-27 12:59:32.713432,190.15,EUR,Machen Buch Flasche.
TX996138,CUST00476,PRD004,2021-06-21 14:06:26.098201,7.2,EUR,Offen schon wieder sehr.
TX787956,CUST00934,PRD002,2021-02-27 06:12:30.583277,-87.14,EUR,Leicht daran.
TX523295,CUST00273,PRD004,2020-08-20 01:40:49.536098,174.47,EUR,Reiten zeigen tot Bett zwischen.
TX675890,CUST00932,PRD002,2024-06-26 02:34:41.461790,24.4,EUR,Einmal Arbeit schnell.
TX535289,CUST00227,PRD002,2024-06-29 19:02:21.489039,-18.54,EUR,Klettern beide Herz Weg.
TX484950,CUST00747,PRD002,2022-03-04 04:14:04.070328,335.73,EUR,Etwas Arzt hat man.
TX556167,CUST00059,PRD001,2023-03-22 01:18:00.719728,-132.23,EUR,Holen gelb Kopf.
TX458442,CUST00614,PRD003,2021-11-20 04:12:36.979207,240.68,EUR,Sicher fest halbe sich.
TX343167,CUST00134,PRD004,2023-10-21 00:46:44.584679,221.73,EUR,Noch Fahrrad bin groß sollen.
TX474598,CUST00180,PRD001,2024-02-19 15:05:43.134551,230.17,EUR,Kam lachen gefährlich werden.
TX218880,CUST00597,PRD002,2023-07-05 15:23:49.810628,-220.65,EUR,Frau Schule.
TX639509,CUST00784,PRD004,2021-05-25 18:00:13.697368,-60.21,EUR,Schnell Wetter ganz Tag.
TX850365,CUST00085,PRD002,2024-03-11 08:16:37.214704,167.72,EUR,Heute offen uns.
TX736372,CUST00913,PRD002,2023-11-19 12:29:24.223046,-30.08,EUR,Noch Wagen sofort.
TX633331,CUST00473,PRD002,2021-04-21 19:16:36.459980,173.72,EUR,Danach warm.
TX761473,CUST00239,PRD001,2023-03-19 03:59:32.624749,369.77,EUR,Am rund möglich.
TX417645,CUST00243,PRD002,2024-06-29 06:39:40.210234,-38.23,EUR,An Weg Ding einige.
TX977544,CUST00037,PRD004,2023-06-03 10:36:27.422999,50.32,EUR,Wo nämlich bekommen.
TX365906,CUST00861,PRD001,2023-06-04 23:27:15.533285,-153.53,EUR,Haus suchen Stein.
TX249347,CUST00384,PRD003,2024-01-18 01:15:12.494268,-214.79,EUR,Reiten fest verstecken erschrecken.
TX302055,CUST00548,PRD003,2023-05-17 21:27:32.738354,191.11,EUR,Schwarz Name verstehen früher.
TX233127,CUST00237,PRD002,2022-05-24 16:45:27.052048,15.62,EUR,Wagen einmal Essen Wiese.
TX242517,CUST00427,PRD001,2022-12-12 15:31:18.898611,326.69,EUR,Bild Flasche Mann groß genau.
TX434631,CUST00589,PRD001,2025-06-09 04:37:15.563931,96.88,EUR,Maus dem oben.
TX884285,CUST00157,PRD001,2024-01-07 19:16:43.867023,109.92,EUR,Platz schauen.
TX872596,CUST00813,PRD004,2020-10-12 14:30:53.221185,-260.65,EUR,Geben ziehen dick.
TX621327,CUST00592,PRD003,2022-10-29 16:23:59.960729,47.97,EUR,Stück neun.
TX356551,CUST00815,PRD002,2023-04-23 19:20:49.854021,93.94,EUR,Zum zusammen Monat.
TX882537,CUST00526,PRD004,2023-07-18 16:38:49.254394,59.34,EUR,Mama bauen lachen Mädchen Bett.
TX599800,CUST00646,PRD001,2020-08-29 21:46:00.893908,333.64,EUR,Kind bis.
TX913771,CUST00331,PRD002,2021-12-15 05:25:32.322090,174.65,EUR,Dich baden gut dazu arbeiten.
TX356387,CUST00918,PRD003,2023-11-26 09:19:58.240625,690.02,EUR,Blau dick Mensch.
TX841322,CUST00896,PRD003,2022-12-14 00:54:04.558471,47.01,EUR,Rechnen möglich Eltern mal.
TX546210,CUST00106,PRD004,2022-07-27 02:45:04.643833,189.56,EUR,Suchen Schnee vorbei.
TX755067,CUST00757,PRD003,2020-10-13 11:40:04.095627,-35.36,EUR,Uhr erschrecken Gesicht sich.
TX697593,CUST00824,PRD002,2020-07-18 05:48:25.800858,246.3,EUR,Eis Geschenk und hinein sieht.
TX559286,CUST00120,PRD004,2020-09-15 12:00:05.818237,291.25,EUR,Krank Eltern hören.
TX511271,CUST00664,PRD001,2025-04-02 14:52:10.336434,139.06,EUR,Dunkel Brot Essen Bauer.
TX544892,CUST00442,PRD004,2025-06-01 16:56:32.451652,116.98,EUR,Zug ihn bleiben.
TX404829,CUST00767,PRD001,2025-02-25 22:56:15.955316,147.57,EUR,Stark ein Himmel Seite müde.
TX944984,CUST00569,PRD003,2021-01-13 08:23:40.812027,42.61,EUR,Nun Nase.
TX203322,CUST00773,PRD001,2023-02-11 00:53:37.867681,179.15,EUR,Bald dafür.
TX586623,CUST00618,PRD003,2024-04-19 00:10:46.586850,-190.1,EUR,Genau mehr den.
TX565944,CUST00540,PRD002,2021-03-29 07:15:18.261842,-183.27,EUR,Gehen Bauer.
TX957767,CUST00618,PRD003,2023-06-02 12:52:24.437542,78.59,EUR,Zahl früher deshalb nur Tier.
TX859492,CUST00674,PRD004,2024-03-11 18:53:06.127207,297.19,EUR,Maus laufen sagen.
TX703140,CUST00820,PRD002,2020-10-08 18:34:26.566561,-113.21,EUR,Reiten Spiel Vogel sitzen.
TX889530,CUST00059,PRD002,2021-12-06 14:08:11.075099,66.34,EUR,Zwischen laufen.
TX881832,CUST00327,PRD004,2023-12-20 12:16:42.695834,-38.39,EUR,Schuh in.
TX777787,CUST00360,PRD001,2021-08-29 22:22:37.881595,-313.84,EUR,Weg blau.
TX529468,CUST00822,PRD004,2025-06-06 15:37:51.335628,273.74,EUR,Erschrecken Mädchen.
TX965787,CUST00937,PRD004,2023-02-17 00:05:21.409903,-74.73,EUR,Wo ruhig besser nah.
TX356789,CUST00056,PRD001,2021-02-04 16:51:12.314654,220.37,EUR,Dunkel wieder sich langsam vom.
TX977068,CUST00353,PRD002,2021-11-15 12:05:14.776297,-198.12,EUR,Mein nehmen Ball drehen.
TX310033,CUST00347,PRD002,2024-06-03 17:43:42.547606,-160.34,EUR,Gestern schaffen Flasche ohne.
TX481436,CUST00619,PRD004,2022-05-25 14:49:23.275359,-167.18,EUR,Freund nehmen.
TX976783,CUST00408,PRD003,2024-04-22 20:11:11.033767,198.42,EUR,Dürfen wahr wenig.
TX235070,CUST00232,PRD003,2024-05-21 22:17:09.495363,-60.99,EUR,Fest anfangen packen.
TX890562,CUST00475,PRD001,2025-03-23 01:24:49.101524,290.3,EUR,Woche man.
TX566580,CUST00577,PRD002,2024-11-11 21:28:31.867133,-500.56,EUR,Oder lassen glücklich schwarz.
TX139626,CUST00426,PRD001,2022-03-16 09:36:46.319866,-58.46,EUR,Meer Minutenmir.
TX537890,CUST00262,PRD004,2024-08-01 08:30:23.998910,-63.57,EUR,War versuchen blau sieben.
TX832347,CUST00601,PRD004,2022-09-11 15:52:12.181254,141.21,EUR,Holen besser Hase langsam.
TX105973,CUST00908,PRD004,2021-09-05 11:43:01.612935,176.95,EUR,Tür Haare fast versuchen draußen.
TX770205,CUST00060,PRD004,2022-06-02 12:15:28.219670,129.32,EUR,Wetter arbeiten wer.
TX610867,CUST00257,PRD004,2022-01-27 21:34:42.758327,461.28,EUR,Zehn bald andere Dorf Stunde.
TX750624,CUST00859,PRD002,2023-06-11 11:51:21.548159,52.74,EUR,Monate neu.
TX361486,CUST00715,PRD002,2024-05-19 13:17:28.852974,-28.84,EUR,Jeder neben.
TX694594,CUST00757,PRD002,2022-06-10 19:04:44.889367,174.27,EUR,Die Weihnachten denn.
TX823055,CUST00950,PRD003,2024-06-10 17:41:06.571197,35.25,EUR,Zahl Polizei nennen verkaufen.
TX153499,CUST00041,PRD004,2020-10-05 00:08:01.939848,186.62,EUR,Also bei.
TX687775,CUST00115,PRD004,2023-05-10 19:09:15.949143,51.48,EUR,Daran schön dein.
TX893885,CUST00190,PRD004,2021-12-03 22:44:46.068529,366.25,EUR,Rad Apfel Opa Sohn.
TX248172,CUST00592,PRD002,2024-04-02 11:59:54.011405,217.5,EUR,Verstecken später.
TX623583,CUST00546,PRD001,2025-02-20 06:08:26.968956,-129.61,EUR,Weinen ist schlagen.
TX797762,CUST00575,PRD002,2021-06-13 09:49:02.330017,430.49,EUR,Müde wieder einige lassen Tisch.
TX899583,CUST00941,PRD002,2023-08-09 10:31:59.998144,55.47,EUR,Wenig laufen Wald einige drehen.
TX162597,CUST00742,PRD002,2024-10-13 06:58:20.370260,111.24,EUR,Früh zur Weg Hunger.
TX695864,CUST00715,PRD001,2022-08-30 05:33:04.339318,450.88,EUR,Rund sein Erde gegen sie.
TX160703,CUST00911,PRD002,2020-08-26 21:11:25.222311,175.76,EUR,Dazu sein mögen ohne.
TX183251,CUST00047,PRD003,2022-04-29 02:50:46.034891,1.78,EUR,Vielleicht lernen.
TX407620,CUST00911,PRD004,2023-10-22 03:10:12.132623,343.25,EUR,Haare springen zur rufen.
TX762792,CUST00752,PRD004,2024-01-07 05:05:14.186223,142.59,EUR,Schüler dem.
TX108152,CUST00926,PRD004,2025-04-23 14:24:35.811041,258.17,EUR,Ziehen auch.
TX884330,CUST00468,PRD004,2022-02-06 11:23:10.989911,206.01,EUR,Gleich Mädchen.
TX239291,CUST00445,PRD001,2022-11-23 00:28:31.333576,275.66,EUR,Versuchen Zug.
TX991770,CUST00619,PRD004,2020-11-04 07:20:15.264147,-83.44,EUR,Ins doch verstecken.
TX683551,CUST00665,PRD004,2022-05-23 13:22:40.359855,327.8,EUR,Verstehen Zahl Schwester.
TX478097,CUST00212,PRD002,2025-04-22 19:56:00.599471,-286.37,EUR,Meer was.
TX405233,CUST00676,PRD003,2023-08-04 18:40:18.031194,-228.9,EUR,Heiß oft nass acht.
TX183655,CUST00776,PRD004,2023-06-30 18:36:05.555577,-92.74,EUR,Tier früh zurück.
TX643087,CUST00787,PRD003,2020-08-06 04:17:23.504179,-41.02,EUR,Kein ins unten.
TX269602,CUST00477,PRD003,2022-09-23 06:10:05.782867,-15.46,EUR,Sehr schicken kurz.
TX468066,CUST00481,PRD001,2023-09-19 11:08:54.942084,348.96,EUR,Wer wohl dauern ob.
TX231872,CUST00914,PRD001,2021-01-04 10:59:57.188784,-65.0,EUR,Haare sitzen können.
TX355817,CUST00298,PRD003,2023-11-15 02:00:20.750827,-69.39,EUR,Vorbei antworten geben einige.
TX290676,CUST00346,PRD001,2021-03-13 04:28:56.474302,305.2,EUR,Seit Schluss.
TX542341,CUST00332,PRD002,2023-07-30 10:21:16.882516,170.5,EUR,Warten Stück Blume.
TX371512,CUST00560,PRD003,2022-10-26 23:44:11.894681,36.63,EUR,Ihn erzählen.
TX853471,CUST00927,PRD004,2025-03-11 05:05:35.052593,-178.94,EUR,Mich nun.
TX675779,CUST00835,PRD003,2023-11-27 01:02:17.880433,265.47,EUR,Dem Bild Spiel Frage.
TX544669,CUST00882,PRD003,2023-10-24 07:23:10.890430,179.68,EUR,Flasche Bett Zeit traurig.
TX840758,CUST00727,PRD001,2021-05-31 17:44:15.553126,247.93,EUR,Vier leben.
TX317999,CUST00947,PRD002,2022-04-04 14:47:32.327879,134.75,EUR,Klein tun andere warten draußen.
TX444149,CUST00532,PRD002,2025-06-30 17:55:36.777150,434.07,EUR,Letzte gab fährt wenn.
TX397691,CUST00556,PRD001,2023-06-24 21:59:30.526974,-35.01,EUR,Schlafen gehen klein früh mehr.
TX729648,CUST00856,PRD003,2023-05-02 15:05:26.567119,116.19,EUR,Dumm ab Schluss trinken kalt.
TX817756,CUST00957,PRD001,2023-04-21 14:47:20.057986,261.94,EUR,Verkaufen fiel.
TX555005,CUST00200,PRD002,2023-12-25 20:23:14.792048,263.42,EUR,Laut Feuer Hilfe.
TX549847,CUST00271,PRD002,2025-01-22 10:24:22.198462,-34.52,EUR,Beißen gab ja Wohnung öffnen.
TX431158,CUST00038,PRD001,2021-11-11 02:45:22.507615,122.5,EUR,Heiß klettern legen Angst.
TX354405,CUST00413,PRD003,2023-08-05 23:45:34.012306,239.54,EUR,Frage Wagen Spaß.
TX302234,CUST00231,PRD003,2022-08-19 18:56:49.711031,104.14,EUR,Wirklich öffnen.
TX432306,CUST00559,PRD003,2022-12-01 07:41:35.837411,15.27,EUR,Da lernen.
TX296370,CUST00429,PRD001,2021-10-18 01:22:14.094709,234.32,EUR,Deshalb wohnen daran können Winter.
TX815767,CUST00927,PRD002,2023-12-10 15:15:55.273348,249.19,EUR,Halbe Minutenmir unser Brot halbe.
TX312978,CUST00971,PRD002,2020-08-06 13:38:18.229880,-16.9,EUR,Doch Rad sie später.
TX464103,CUST00010,PRD003,2023-04-17 18:39:18.097536,-51.34,EUR,Nacht Affe.
TX483058,CUST00464,PRD004,2021-07-28 06:27:31.411282,285.35,EUR,Einige rennen Monate unser nah.
TX613707,CUST00532,PRD003,2023-03-12 16:49:36.092172,98.43,EUR,Kommen damit weinen Sonne.
TX317057,CUST00686,PRD003,2023-05-03 20:29:49.198713,-29.59,EUR,Minute Apfel er nimmt.
TX965290,CUST00199,PRD003,2023-04-12 11:40:33.667445,-28.06,EUR,Reiten acht.
TX714587,CUST00385,PRD001,2021-05-18 11:02:03.556898,314.49,EUR,Bis Auge.
TX165069,CUST00024,PRD002,2023-09-19 18:01:04.863905,212.36,EUR,Nase dafür Stelle packen.
TX279658,CUST00316,PRD001,2023-02-28 07:21:44.725368,87.0,EUR,Fröhlich nehmen nie Lehrerin.
TX507259,CUST00311,PRD003,2020-11-22 15:40:31.147271,129.08,EUR,Frei ja doch reiten ging.
TX898037,CUST00876,PRD004,2025-01-26 10:01:04.048851,266.2,EUR,Warm Essen.
TX547230,CUST00426,PRD002,2021-05-28 02:04:28.255722,434.38,EUR,Singen klettern schwarz nein.
TX839260,CUST00863,PRD002,2022-06-08 15:53:45.470764,21.06,EUR,Wichtig Dorf Vogel.
TX587953,CUST00688,PRD003,2022-07-05 05:52:10.191058,94.79,EUR,Verkaufen bringen.
TX529337,CUST00176,PRD003,2023-10-02 16:21:37.363962,-323.52,EUR,Nass Loch.
TX931782,CUST00231,PRD003,2025-02-17 07:51:22.344509,175.17,EUR,Opa las.
TX852017,CUST00255,PRD002,2024-10-08 20:23:18.533647,114.01,EUR,Hase anfangen schauen.
TX716801,CUST00712,PRD002,2023-08-03 02:06:08.566243,95.17,EUR,Sonne arbeiten Auto.
TX277661,CUST00907,PRD003,2023-04-13 03:57:25.771113,158.2,EUR,Wissen Mama durch hinter.
TX600566,CUST00978,PRD002,2024-03-02 09:36:18.059723,-75.18,EUR,Trinken danach lieb Weihnachten.
TX819133,CUST00917,PRD001,2022-03-15 12:02:36.195837,123.31,EUR,Tier nennen zurück.
TX120310,CUST00578,PRD003,2021-06-06 15:56:19.273513,262.43,EUR,Gelb baden weiter verstecken Familie.
TX745915,CUST00837,PRD002,2025-02-22 13:24:46.254980,277.94,EUR,Der Stein doch schlimm.
TX784087,CUST00650,PRD001,2022-11-03 01:07:43.546186,-17.22,EUR,Hase wer fünf.
TX312148,CUST00684,PRD003,2020-07-26 18:20:05.731667,-41.18,EUR,Schnell Lehrerin dunkel.
TX793567,CUST00348,PRD004,2024-07-05 20:15:28.078273,132.67,EUR,Überall kaufen mögen.
TX899995,CUST00006,PRD004,2022-01-14 02:38:07.282198,219.93,EUR,Doch wieder rennen los Erde.
TX578481,CUST00216,PRD001,2020-12-18 11:44:14.377475,252.27,EUR,Viel dich Fenster selbst.
TX465693,CUST00673,PRD002,2022-04-27 15:17:04.637323,190.17,EUR,Erklären Welt möglich beißen.
TX734045,CUST00452,PRD002,2022-09-03 11:05:59.653609,-24.41,EUR,Gab Klasse kam.
TX360122,CUST00570,PRD002,2021-03-20 06:45:06.690272,23.3,EUR,Leicht hin finden sitzen.
TX147069,CUST00054,PRD004,2024-03-18 08:53:23.143336,325.62,EUR,Hart sehr dabei dumm.
TX111687,CUST00844,PRD002,2021-07-07 15:38:46.144266,236.87,EUR,Schnell fast.
TX288111,CUST00314,PRD004,2024-03-17 14:46:51.947087,374.57,EUR,Ob zurück.
TX535171,CUST00349,PRD004,2023-02-22 16:05:45.611046,-156.6,EUR,Tief Buch Bein.
TX548621,CUST00429,PRD004,2021-03-20 03:33:02.273017,327.35,EUR,Glas noch schlafen.
TX872308,CUST00414,PRD004,2023-09-08 19:52:07.673583,75.34,EUR,Freund ganz Brot.
TX300661,CUST00901,PRD003,2025-02-05 06:12:54.684968,268.19,EUR,Frage jetzt Leute.
TX164954,CUST00211,PRD002,2022-05-11 15:50:37.744123,-6.91,EUR,Schnell leise wird.
TX598342,CUST00563,PRD001,2024-05-28 11:15:13.553805,370.42,EUR,Sitzen Stein Dorf.
TX705479,CUST00339,PRD001,2021-07-02 22:30:58.115139,70.95,EUR,Gab früh alle.
TX211180,CUST00981,PRD004,2024-07-08 05:47:45.062126,69.87,EUR,Stunde Tisch darauf Geld acht.
TX134505,CUST00291,PRD004,2022-04-15 11:33:28.690431,333.8,EUR,Eigentlich leise blau.
TX906725,CUST00691,PRD001,2021-10-24 12:11:23.805697,-91.56,EUR,Geburtstag weil der am Spiel.
TX679392,CUST00781,PRD004,2023-07-29 12:53:20.339536,-140.0,EUR,Fenster gefährlich Flasche gerade.
TX523869,CUST00764,PRD003,2022-07-06 05:47:14.505043,-270.15,EUR,Über neun fragen ohne.
TX505205,CUST00887,PRD003,2022-04-26 22:59:11.250574,65.12,EUR,Erzählen Beispiel nach.
TX420997,CUST00704,PRD003,2023-08-13 22:11:37.835738,377.4,EUR,Sprechen Glas von schlagen.
TX544231,CUST00284,PRD001,2020-11-05 00:36:17.367086,284.28,EUR,Jetzt rennen dafür.
TX983046,CUST00838,PRD002,2022-03-14 11:59:19.185501,15.88,EUR,Auge Geld fressen.
TX196169,CUST00379,PRD003,2024-07-11 15:22:42.223641,37.32,EUR,Zusammen merken heute Zug.
TX153614,CUST00311,PRD002,2023-04-28 16:28:56.245278,-181.92,EUR,Stelle Onkel offen will.
TX559144,CUST00713,PRD002,2025-03-05 09:14:25.758820,147.61,EUR,Auge Ende.
TX390155,CUST00012,PRD004,2023-01-25 02:19:25.034973,84.17,EUR,Bleiben Weihnachten Schnee machen.
TX847056,CUST00223,PRD001,2021-01-12 01:11:50.863017,-13.55,EUR,Wort reiten ich.
TX595576,CUST00211,PRD004,2024-02-14 16:56:12.254405,292.94,EUR,Aus alt groß Tisch legen.
TX556818,CUST00186,PRD003,2022-03-03 11:21:09.651288,94.36,EUR,Davon nichts gestern.
TX566556,CUST00197,PRD003,2024-01-18 14:39:34.102502,91.21,EUR,Gegen sie.
TX923480,CUST00044,PRD003,2025-03-19 17:37:40.268118,343.16,EUR,Dann seit tun unter Wohnung.
TX930348,CUST00177,PRD002,2024-02-24 11:29:07.733072,350.69,EUR,Stadt von glauben Luft vielleicht.
TX541496,CUST00334,PRD004,2021-04-28 08:23:30.006975,187.7,EUR,Da es Küche seit.
TX408761,CUST00914,PRD002,2024-04-03 07:51:45.732849,86.3,EUR,Deshalb Katze zeigen.
TX618915,CUST00928,PRD002,2025-02-11 03:15:10.603324,-145.64,EUR,Erschrecken fröhlich Schluss.
TX176166,CUST00104,PRD004,2021-05-06 10:46:35.676872,-67.13,EUR,Jetzt schon darauf dabei Affe.
TX369302,CUST00633,PRD002,2022-02-27 16:23:56.014773,-148.42,EUR,Nicht leise Minute nun Kind.
TX369173,CUST00581,PRD001,2021-12-06 09:00:13.174912,37.17,EUR,Onkel las schlagen.
TX862334,CUST00923,PRD003,2024-02-25 07:44:03.455155,-119.45,EUR,Woche Jahr fiel.
TX138685,CUST00524,PRD004,2024-05-28 21:43:34.985370,370.01,EUR,Müssen halten essen.
TX909105,CUST00195,PRD003,2024-03-15 21:16:28.527170,214.11,EUR,Hart Arbeit natürlich Monat wie.
TX559249,CUST00993,PRD001,2021-12-04 21:37:31.703146,460.47,EUR,Schuh um.
TX836333,CUST00864,PRD003,2024-10-06 14:45:07.192213,-129.11,EUR,Will Hunger.
TX357232,CUST00856,PRD004,2021-04-17 01:12:16.817070,-193.89,EUR,Dein er fallen.
TX193858,CUST00135,PRD003,2024-10-04 22:03:33.063863,145.89,EUR,Gefährlich Name sein in.
TX603823,CUST00408,PRD002,2021-03-27 10:17:55.569117,-48.57,EUR,Rufen Frage schicken unter.
TX589473,CUST00289,PRD001,2024-02-13 09:35:05.419139,59.81,EUR,Hund aber Wasser.
TX364917,CUST00929,PRD003,2023-05-20 05:46:58.552223,485.13,EUR,Dick zur laut besser.
TX770126,CUST00175,PRD001,2023-04-03 21:36:43.482255,46.94,EUR,Bild ja sechs uns.
TX543391,CUST00698,PRD004,2024-08-15 04:53:12.705400,-150.55,EUR,Vor Kind Minutenmir.
TX249378,CUST00533,PRD001,2020-11-12 12:45:20.625642,-71.36,EUR,Straße fiel nichts davon.
TX826564,CUST00768,PRD003,2021-12-17 03:15:56.014365,27.52,EUR,Turnen machen los aus.
TX830627,CUST00139,PRD002,2024-09-04 21:40:58.914480,218.65,EUR,Heißen weiß drei.
TX286997,CUST00150,PRD001,2024-12-08 10:20:37.194818,404.45,EUR,Jeder Hase.
TX962066,CUST00981,PRD003,2024-07-26 10:14:17.691961,-8.69,EUR,Richtig zur neu.
TX750136,CUST00641,PRD004,2020-10-22 18:59:19.993980,14.62,EUR,Kaufen erschrecken unser turnen.
TX864171,CUST00485,PRD004,2021-04-23 07:05:34.599262,333.88,EUR,Fahren wer dafür kann Stück.
TX514561,CUST00781,PRD002,2022-07-08 21:14:36.942480,-134.63,EUR,Berg nein dazu ins.
TX803622,CUST00221,PRD002,2021-11-18 17:56:49.792908,-45.91,EUR,Weiter sieht schicken fallen Leben.
TX188227,CUST00463,PRD004,2022-11-23 05:31:21.083474,-63.56,EUR,Schule dürfen packen dick.
TX252638,CUST00408,PRD001,2024-03-10 21:08:28.438231,336.2,EUR,Monate Schule doch.
TX340661,CUST00623,PRD004,2024-07-01 17:19:22.817111,160.49,EUR,Im schlafen ziehen in.
TX185039,CUST00868,PRD003,2024-12-16 06:05:31.032677,112.82,EUR,Uhr nun ins durch Sohn.
TX969194,CUST00504,PRD003,2021-03-22 10:50:38.863417,203.28,EUR,Wieder rennen fröhlich fallen.
TX680050,CUST00248,PRD001,2020-12-23 08:30:26.640401,232.17,EUR,Dann lustig groß.
TX778174,CUST00487,PRD002,2021-03-19 18:08:30.593608,144.78,EUR,Klasse überall.
TX269186,CUST00328,PRD002,2020-08-01 06:22:44.000624,466.12,EUR,Finden bin glauben.
TX341900,CUST00227,PRD003,2022-07-10 18:07:20.981132,-17.48,EUR,Hören Loch.
TX918398,CUST00022,PRD001,2023-10-06 09:09:45.675559,-387.0,EUR,Denken plötzlich Maus.
TX759802,CUST00845,PRD004,2023-11-04 12:33:16.246136,-167.44,EUR,Schauen auch will.
TX773717,CUST00855,PRD003,2024-06-10 00:00:49.088131,205.01,EUR,Zur so überall.
TX613955,CUST00792,PRD001,2021-09-17 00:00:05.568792,19.29,EUR,Wir tot draußen Stelle.
TX340377,CUST00044,PRD002,2022-10-20 05:54:03.802267,383.69,EUR,Rechnen dem nimmt Monate.
TX977057,CUST00081,PRD002,2022-09-13 06:14:01.925860,-248.16,EUR,Lustig fragen.
TX814561,CUST00094,PRD001,2023-04-02 00:04:11.363397,211.69,EUR,Vergessen tun Boden verstehen hin.
TX528332,CUST00351,PRD002,2024-05-26 11:50:23.476986,64.78,EUR,Dafür gestern nächste verkaufen kalt.
TX659578,CUST00702,PRD004,2024-07-06 03:58:20.791727,-114.71,EUR,Milch rot kommen Brot.
TX603994,CUST00772,PRD001,2023-11-10 03:26:42.962214,81.71,EUR,Dir letzte Eis stark.
TX528557,CUST00523,PRD003,2022-12-06 15:25:39.662573,456.42,EUR,Legen rund werfen drehen schlagen.
TX932748,CUST00688,PRD002,2022-07-16 10:19:50.617992,87.78,EUR,Glauben nur den lesen.
TX184209,CUST00257,PRD003,2025-01-17 12:53:43.249068,347.53,EUR,Legen ihn Junge.
TX472784,CUST00397,PRD004,2022-01-05 07:25:48.817264,-3.94,EUR,Frage oben darin Beispiel Luft.
TX865575,CUST00489,PRD002,2025-06-15 12:04:39.978526,153.68,EUR,Verstehen Milch Arbeit einmal.
TX240225,CUST00253,PRD003,2025-05-28 05:01:25.110653,199.09,EUR,Zur Straße sechs.
TX152432,CUST00143,PRD004,2022-07-24 07:10:00.657521,77.64,EUR,Bett Brief Loch hoch lassen.
TX290932,CUST00127,PRD001,2025-02-11 21:10:07.642819,360.65,EUR,Sofort machen Brot hier bleiben.
TX454961,CUST00511,PRD002,2023-05-23 01:41:44.197255,15.74,EUR,Drei sonst Hilfe wieder fest.
TX879252,CUST00624,PRD004,2025-05-02 03:14:13.868225,-52.93,EUR,Nase Polizei nach.
TX861227,CUST00741,PRD004,2023-12-02 07:58:48.801507,36.16,EUR,Lehrerin beim sitzen antworten.
TX133600,CUST00313,PRD003,2023-08-01 08:47:43.289864,17.72,EUR,Glas nennen.
TX567770,CUST00003,PRD003,2024-04-18 02:28:21.970617,342.0,EUR,Rad leben schenken bei da.
TX220625,CUST00761,PRD001,2023-09-07 23:54:09.563959,26.99,EUR,Tier wünschen kaufen Herr.
TX680416,CUST00765,PRD002,2023-07-15 00:23:13.733124,84.93,EUR,Reiten bis Sonne.
TX393998,CUST00593,PRD004,2021-07-14 10:57:27.710665,-381.66,EUR,Setzen müssen Mann.
TX239271,CUST00647,PRD003,2022-03-01 04:54:36.595653,780.06,EUR,Haus gibt.
TX213169,CUST00621,PRD003,2023-04-25 04:25:37.997342,66.66,EUR,Kind Platz schreien noch.
TX169335,CUST00207,PRD001,2022-10-30 03:57:00.921597,-60.55,EUR,Ging sitzen Woche für bald.
TX174127,CUST00291,PRD003,2022-01-17 10:48:59.734592,-646.52,EUR,Viel Beispiel Frage.
TX686232,CUST00265,PRD002,2023-10-03 14:58:09.527364,275.98,EUR,Mutter Tisch traurig.
TX542132,CUST00383,PRD004,2024-03-19 19:34:27.212522,364.95,EUR,Fährt zu Oma über.
TX462948,CUST00170,PRD004,2024-06-22 17:38:14.041659,-102.62,EUR,Vater seit fliegen.
TX649328,CUST00829,PRD001,2022-05-06 14:30:57.028959,188.61,EUR,Name wohnen nur.
TX971505,CUST00309,PRD003,2023-11-20 05:45:49.350184,-237.12,EUR,Langsam klein fährt spielen.
TX674649,CUST00342,PRD003,2022-04-10 03:11:32.513242,44.64,EUR,Singen schwer Zeit.
TX107813,CUST00450,PRD004,2022-06-19 10:24:18.145243,-63.45,EUR,Kaufen Sohn ihr.
TX618092,CUST00898,PRD001,2023-08-02 09:16:44.295110,-111.94,EUR,Kind nur zurück heißen.
TX406285,CUST00454,PRD003,2024-12-20 06:19:57.393343,-22.22,EUR,Wissen Sache alt.
TX193285,CUST00566,PRD001,2021-12-07 18:10:47.701670,0.8,EUR,Dazu später zurück neben sitzen.
TX461173,CUST00594,PRD002,2023-10-08 22:02:32.707980,286.3,EUR,Katze Fußball Lehrerin wenn.
TX952537,CUST00796,PRD002,2021-06-06 04:18:25.994627,82.96,EUR,Denken Leute dann und bleiben.
TX889638,CUST00662,PRD003,2023-02-27 07:03:09.317183,19.17,EUR,Ihm Spiel Essen.
TX371940,CUST00482,PRD004,2025-05-20 22:53:32.684557,212.47,EUR,Leben dürfen packen Kind.
TX132430,CUST00567,PRD003,2022-04-29 15:45:56.147684,-16.32,EUR,Sonst schön.
TX808038,CUST00526,PRD001,2025-06-30 09:03:20.980911,159.62,EUR,Vogel führen.
TX332978,CUST00979,PRD003,2024-06-02 18:32:41.626559,219.34,EUR,Wird Dorf vom wo in.
TX869383,CUST00872,PRD001,2024-04-08 03:59:30.656391,90.72,EUR,Zurück nennen.
TX155113,CUST00508,PRD001,2024-11-29 04:11:32.990617,323.7,EUR,Natürlich führen.
TX304333,CUST00484,PRD002,2021-10-23 15:32:14.567191,-33.57,EUR,Bringen hin.
TX136790,CUST00986,PRD003,2022-12-30 03:53:26.151075,159.65,EUR,Gerade genau weiter finden ziehen.
TX298377,CUST00404,PRD002,2021-05-16 07:05:13.743465,41.11,EUR,Zu Katze.
TX825952,CUST00911,PRD003,2023-06-03 21:24:54.809540,-256.8,EUR,Der schwarz spielen stark bin.
TX142303,CUST00373,PRD003,2021-11-14 23:44:27.039197,-86.68,EUR,Schlagen plötzlich oft.
TX414728,CUST00252,PRD004,2024-08-22 15:44:58.285008,-362.7,EUR,Schaffen Affe Auto Tisch.
TX860864,CUST00254,PRD001,2023-05-06 15:29:07.205383,149.72,EUR,Ruhig noch da.
TX541981,CUST00495,PRD002,2023-02-01 23:37:16.560826,7.55,EUR,Hinter fiel halbe.
TX439939,CUST00127,PRD001,2021-11-07 21:51:23.966130,71.0,EUR,Jahr hören wenig Sohn.
TX963863,CUST00334,PRD002,2024-06-24 06:12:13.715353,-95.92,EUR,Weiter warten.
TX475357,CUST00642,PRD002,2025-01-06 13:38:02.817033,148.49,EUR,Der durch Brot.
TX260916,CUST00387,PRD002,2023-07-06 23:27:56.715054,-90.65,EUR,Daran rund kochen zeigen Stein.
TX648837,CUST00998,PRD002,2021-11-25 08:20:40.980833,25.44,EUR,Nämlich her Monate schlagen krank.
TX114376,CUST00663,PRD004,2021-08-29 15:54:07.767489,155.78,EUR,Freund zehn kann war antworten.
TX604185,CUST00826,PRD004,2022-08-09 01:42:35.625074,62.05,EUR,Tisch weiß Gesicht Stadt glücklich.
TX642342,CUST00933,PRD002,2021-03-04 23:39:51.281670,-6.55,EUR,Zum bleiben.
TX826151,CUST00430,PRD003,2021-09-23 22:52:39.546870,52.33,EUR,Gut leise Vogel.
TX425092,CUST00306,PRD003,2024-01-28 19:27:40.136312,142.01,EUR,Papa fährt seit.
TX891314,CUST00287,PRD003,2020-11-13 10:17:13.816018,190.5,EUR,Turnen böse mögen.
TX884503,CUST00931,PRD003,2021-05-25 11:37:42.510340,15.27,EUR,Führen Kopf Hunger.
TX643087,CUST00976,PRD003,2022-03-09 04:47:07.820066,55.72,EUR,Selbst nichts setzen.
TX650336,CUST00156,PRD002,2023-03-05 15:22:28.668760,-217.2,EUR,Wir dürfen Berg ohne.
TX613891,CUST00132,PRD003,2021-05-26 23:38:30.138241,13.35,EUR,Glas müssen Affe.
TX514715,CUST00221,PRD002,2025-04-20 16:41:22.494262,-277.21,EUR,Uns ihn.
TX357254,CUST00969,PRD004,2021-01-07 14:06:49.099780,22.22,EUR,Nein allein kochen.
TX415886,CUST00060,PRD001,2020-11-10 21:16:56.035597,59.46,EUR,Gesicht machen Zahl.
TX434152,CUST00027,PRD003,2022-12-06 05:18:50.184675,453.7,EUR,Zur sprechen.
TX544135,CUST00509,PRD001,2023-03-01 05:03:02.864832,-46.3,EUR,Mich laut verstecken.
TX412746,CUST00229,PRD004,2022-05-29 11:58:17.099686,255.82,EUR,Hilfe einigen Polizei immer hinter.
TX338380,CUST00635,PRD001,2022-06-13 05:51:57.366115,217.01,EUR,Essen fangen Ding Wohnung.
TX416913,CUST00279,PRD002,2023-09-05 21:49:52.896754,246.35,EUR,Schiff tot haben rund.
TX537728,CUST00255,PRD002,2024-04-19 11:27:47.243306,258.06,EUR,Waschen fünf Himmel.
TX414693,CUST00170,PRD001,2023-09-26 14:51:22.424266,243.05,EUR,Wort fast Boden.
TX654180,CUST00796,PRD002,2022-08-14 20:04:18.225473,-74.44,EUR,Nein erst Berg früh.
TX412721,CUST00345,PRD004,2022-09-05 00:54:36.047017,55.41,EUR,Ein tot gerade turnen zusammen.
TX679580,CUST00881,PRD004,2025-04-30 05:04:21.995496,-192.25,EUR,Dick können möglich daran.
TX289995,CUST00186,PRD003,2022-06-24 13:17:55.576618,185.98,EUR,Uhr hinein zehn Brot Onkel.
TX378528,CUST00028,PRD001,2023-01-08 11:44:21.922515,274.33,EUR,Springen nein.
TX258393,CUST00725,PRD001,2023-06-16 21:34:30.430685,-39.17,EUR,Mama Fahrrad klettern packen.
TX576852,CUST00084,PRD001,2024-08-15 03:10:55.042788,129.14,EUR,Spaß dabei kalt ins.
TX508246,CUST00761,PRD003,2021-08-25 23:53:41.051807,-26.46,EUR,Weil sagen später Vogel.
TX599241,CUST00865,PRD003,2022-06-25 13:44:11.412491,49.17,EUR,Packen setzen schon rund Geschichte.
TX405715,CUST00450,PRD003,2020-10-14 17:32:01.409400,102.02,EUR,Weil besser leicht Arzt.
TX745544,CUST00687,PRD001,2024-09-10 03:46:10.487211,511.17,EUR,Fährt Geschichte.
TX189750,CUST00273,PRD002,2023-10-27 22:51:04.056058,250.89,EUR,Rennen einigen fröhlich beim wahr.
TX850369,CUST00179,PRD001,2020-08-06 15:40:36.981445,77.8,EUR,Kann Brief dir.
TX477931,CUST00125,PRD001,2020-08-31 10:21:23.352766,156.64,EUR,Schön zur tragen was.
TX329375,CUST00645,PRD004,2022-10-15 08:43:05.801603,218.64,EUR,Traurig sonst Hilfe mit Minutenmir.
TX745901,CUST00885,PRD002,2024-02-02 21:18:16.731030,-95.86,EUR,Ding Schüler suchen plötzlich den.
TX454042,CUST00468,PRD001,2023-05-10 11:40:28.382211,205.17,EUR,Sprechen suchen.
TX473912,CUST00930,PRD002,2021-02-06 22:45:20.582804,-0.64,EUR,Oma hart Luft Zeitung.
TX723216,CUST00340,PRD003,2022-09-15 15:15:14.607480,-333.75,EUR,Blau gern schnell sechs Hund.
TX794149,CUST00298,PRD004,2023-01-24 17:25:57.184136,541.16,EUR,Waschen immer mit.
TX641838,CUST00136,PRD002,2025-04-19 08:01:52.992408,247.59,EUR,Er Geschenk Katze vorbei.
TX841402,CUST00443,PRD002,2021-05-15 18:37:30.052894,-122.29,EUR,Wo Leben halbe acht.
TX945787,CUST00797,PRD003,2024-12-09 02:15:23.045413,86.02,EUR,In Sonntag schlecht.
TX804228,CUST00254,PRD004,2025-01-16 04:47:21.649810,-28.65,EUR,Mal weil draußen nach.
TX381444,CUST00289,PRD003,2021-01-19 00:00:34.040169,167.63,EUR,Viel man.
TX407187,CUST00567,PRD004,2022-08-11 14:21:12.121553,323.13,EUR,Haben wo.
TX341407,CUST00479,PRD004,2024-10-29 18:18:41.982188,-19.23,EUR,Wieder mein Frage.
TX317630,CUST00345,PRD004,2024-04-11 19:20:39.188509,433.39,EUR,Öffnen Freude Sache.
TX191372,CUST00206,PRD002,2021-05-08 01:08:24.365628,437.2,EUR,Überall Dorf ich antworten.
TX867159,CUST00221,PRD001,2023-06-09 03:28:21.278679,-220.32,EUR,Name schenken noch fahren.
TX877586,CUST00752,PRD003,2023-04-19 19:51:00.274197,118.76,EUR,Weit grün ohne grün als.
TX693341,CUST00020,PRD001,2022-10-25 13:32:22.439196,298.02,EUR,Maus Weg.
TX344345,CUST00463,PRD004,2022-03-22 06:30:45.429724,283.37,EUR,Junge frei Essen.
TX769755,CUST00815,PRD004,2023-08-26 03:50:49.870974,-82.1,EUR,Opa Winter gestern schicken Tante.
TX979847,CUST00301,PRD001,2021-05-19 13:25:59.807004,215.6,EUR,Monat Essen Leute glauben antworten.
TX292983,CUST00223,PRD002,2022-06-26 06:52:40.846859,132.58,EUR,Heute Sache Freude Himmel.
TX663384,CUST00409,PRD002,2023-08-19 19:05:30.242265,87.19,EUR,Dabei vor.
TX592764,CUST00419,PRD004,2022-05-22 00:18:19.638374,28.96,EUR,Dem schlimm fressen.
TX369106,CUST00869,PRD002,2021-10-03 20:06:01.163654,269.24,EUR,Antworten brauchen heute.
TX756251,CUST00309,PRD003,2024-11-10 10:57:46.604382,283.12,EUR,Zehn stark Himmel Fenster.
TX768519,CUST00454,PRD004,2023-09-21 22:13:19.028627,460.25,EUR,Platz Eltern Arzt Onkel aus.
TX916263,CUST00197,PRD002,2023-07-24 19:25:59.230412,53.11,EUR,Seit anfangen Gott.
TX929828,CUST00584,PRD002,2023-10-24 13:23:12.618566,250.39,EUR,Haben ich nichts Glück vom.
TX182629,CUST00671,PRD003,2021-10-02 22:34:14.404517,190.05,EUR,Da neun Tür.
TX213569,CUST00140,PRD002,2023-01-15 20:27:32.365497,-26.15,EUR,Garten durch See.
TX212629,CUST00504,PRD003,2022-06-23 17:10:49.046196,178.59,EUR,Gibt Leben spielen.
TX890844,CUST00500,PRD003,2023-12-05 11:47:03.053665,-37.53,EUR,Bringen fiel Geburtstag müssen.
TX998001,CUST00336,PRD003,2022-03-20 13:36:27.798190,232.88,EUR,Glauben sitzen.
TX563728,CUST00965,PRD004,2022-11-15 22:36:09.981782,7.22,EUR,Suchen grün freuen hoch einmal.
TX545561,CUST00286,PRD001,2024-04-02 21:48:42.540163,-170.85,EUR,Ohne Haare liegen kochen.
TX487238,CUST00322,PRD004,2021-12-14 19:44:16.314268,-36.33,EUR,Den Blume Wissen fliegen rennen.
TX320412,CUST00243,PRD004,2024-08-11 13:19:58.966209,-159.59,EUR,Sitzen schlecht Milch tun.
TX239887,CUST00693,PRD001,2023-07-07 08:11:29.800145,-66.74,EUR,Uns oder dumm Blume.
TX705356,CUST00887,PRD004,2022-07-07 06:57:31.967636,-94.68,EUR,Später mehr versuchen gehören fertig.
TX884505,CUST00031,PRD004,2020-12-05 19:18:06.509563,34.65,EUR,Klasse fest.
TX478312,CUST00784,PRD003,2022-11-22 22:29:29.597595,-161.7,EUR,Treffen Haare kam früher.
TX882106,CUST00752,PRD004,2024-01-16 11:39:53.488304,-61.12,EUR,Straße finden neben warm brauchen.
TX354524,CUST00484,PRD003,2020-11-05 21:01:12.318081,174.03,EUR,Kein wünschen.
TX666996,CUST00712,PRD004,2022-05-03 07:40:27.315569,226.97,EUR,Kennen Ferien verlieren Loch.
TX724202,CUST00181,PRD001,2024-11-21 00:18:49.526515,197.23,EUR,Mensch bei Oma halbe.
TX817731,CUST00401,PRD001,2021-06-03 17:25:54.473322,614.21,EUR,Turnen weiß.
TX786597,CUST00962,PRD003,2021-11-28 14:49:04.880025,308.49,EUR,Heute Fuß Blume grün.
TX982897,CUST00696,PRD004,2021-07-29 15:22:39.214631,-218.27,EUR,Weiter gerade groß.
TX981053,CUST00511,PRD004,2023-04-11 21:41:12.717283,-63.67,EUR,So immer lieb.
TX438533,CUST00236,PRD004,2021-06-18 08:55:58.405610,285.05,EUR,Monat nah.
TX821248,CUST00244,PRD003,2022-11-05 10:54:27.188495,593.78,EUR,Leicht gelb kennen dazu.
TX338196,CUST00460,PRD004,2025-03-08 15:41:03.399732,280.14,EUR,Gut Lehrer ich sehen leben.
TX293940,CUST00416,PRD004,2021-08-23 16:37:18.622063,248.36,EUR,Steigen Berg Auto.
TX819782,CUST00065,PRD001,2024-07-14 20:43:09.293242,188.59,EUR,Erklären bekommen kalt.
TX213749,CUST00832,PRD001,2022-11-16 15:00:51.653325,434.02,EUR,Gefährlich Auge gestern zehn sieben.
TX407636,CUST00214,PRD001,2024-11-10 23:40:09.853911,-266.34,EUR,Stein schwer suchen sehen bald.
TX338887,CUST00292,PRD001,2022-02-17 11:01:17.043570,32.55,EUR,Vorbei Zahl schlagen an wohl.
TX181907,CUST00033,PRD004,2022-01-21 08:40:32.096850,433.75,EUR,Wenig acht Geburtstag offen.
TX303044,CUST00375,PRD001,2023-08-27 14:18:56.008045,283.05,EUR,Treffen bauen immer.
TX852592,CUST00800,PRD002,2020-09-28 23:25:31.082897,155.13,EUR,Opa Wald dir.
TX496862,CUST00302,PRD001,2025-02-15 16:20:18.309080,199.78,EUR,Blau Brot reiten.
TX387840,CUST00621,PRD002,2023-09-15 15:51:29.267285,104.19,EUR,Kein kam dauern Mama Rad.
TX335873,CUST00750,PRD001,2022-04-16 02:52:33.487558,324.02,EUR,Vogel Tier.
TX913648,CUST00497,PRD004,2023-10-08 14:32:40.601152,-7.27,EUR,Sollen merken Himmel.
TX153062,CUST00629,PRD004,2024-09-02 06:11:47.683555,367.98,EUR,Schon Hunger.
TX850288,CUST00510,PRD004,2025-02-08 19:17:29.193432,100.3,EUR,Noch für Himmel stehen.
TX704278,CUST00016,PRD002,2023-02-05 08:39:50.369526,147.96,EUR,Später Frage gerade.
TX229367,CUST00091,PRD003,2022-09-25 06:48:55.559689,30.27,EUR,Warum fehlen einfach ihr.
TX377797,CUST00517,PRD002,2021-08-25 03:40:54.222234,171.06,EUR,Halten Bauer lieb.
TX917854,CUST00347,PRD003,2021-04-25 15:50:16.689633,-5.7,EUR,Vier Leute wer.
TX290851,CUST00047,PRD003,2023-10-17 12:22:56.418251,95.81,EUR,Erde ab.
TX470185,CUST00993,PRD002,2022-01-29 04:43:42.876256,143.35,EUR,Meer Seite Hase andere.
TX711774,CUST00379,PRD003,2021-07-01 06:09:48.395483,-195.87,EUR,Wetter eigentlich gesund.
TX388449,CUST00286,PRD002,2022-05-14 12:54:00.115198,45.46,EUR,Warum Tür.
TX863358,CUST00134,PRD003,2024-10-13 21:13:30.003848,423.04,EUR,Im mich gibt Polizei.
TX215090,CUST00480,PRD003,2021-10-14 07:13:32.557067,271.09,EUR,Schön durch und.
TX757224,CUST00739,PRD001,2022-09-09 07:45:32.445669,461.12,EUR,Ein man merken.
TX366702,CUST00533,PRD001,2024-08-05 07:12:45.611948,-109.86,EUR,Ab nehmen Woche zurück helfen.
TX751689,CUST00883,PRD001,2024-08-09 12:45:52.965289,-2.55,EUR,Kurz Seite an.
TX743479,CUST00248,PRD003,2025-04-24 21:38:10.248877,338.81,EUR,Geschichte Fuß antworten Zeit.
TX930296,CUST00093,PRD004,2025-05-19 01:17:41.683000,232.28,EUR,Sieben leise.
TX419443,CUST00642,PRD001,2023-06-16 19:53:47.372521,-92.94,EUR,An Woche fahren Herz.
TX375602,CUST00467,PRD004,2024-08-03 04:05:50.575818,151.45,EUR,Am Teller rund klein schwer.
TX941437,CUST00969,PRD003,2024-07-07 17:06:42.464004,-122.75,EUR,Verkaufen Bauer.
TX799961,CUST00409,PRD001,2023-06-14 06:18:34.424259,129.28,EUR,Mensch ihr verlieren.
TX680133,CUST00152,PRD002,2020-08-11 12:13:32.519620,468.64,EUR,Gibt Luft treffen spielen an.
TX136936,CUST00628,PRD002,2022-12-10 10:06:55.881496,-81.8,EUR,Hunger Vogel Lehrer.
TX930147,CUST00653,PRD001,2021-08-27 20:44:59.579406,193.93,EUR,Tragen schicken Musik Nacht.
TX286860,CUST00843,PRD001,2022-07-13 14:09:54.855314,-261.08,EUR,Warm zeigen helfen.
TX589832,CUST00292,PRD004,2022-11-09 13:58:43.941261,-564.09,EUR,Leute einige das frei.
TX870026,CUST00403,PRD001,2022-01-13 21:44:48.987962,-149.1,EUR,Ich wollen.
TX420979,CUST00276,PRD004,2022-12-12 02:19:15.728752,100.21,EUR,Heiß zurück Tier Mutter.
TX224313,CUST00810,PRD004,2020-10-22 17:03:13.931872,233.05,EUR,Nass rechnen später.
TX496159,CUST00793,PRD001,2021-08-09 08:05:37.686385,34.71,EUR,Mal reiten Luft.
TX537564,CUST00713,PRD002,2025-06-09 16:39:17.382882,327.65,EUR,Dürfen nun Bett.
TX197454,CUST00654,PRD003,2021-04-04 02:21:09.420655,55.64,EUR,Die doch hängen Auto.
TX613404,CUST00319,PRD001,2023-08-24 18:14:24.649800,276.2,EUR,Zwei also hier damit Wort.
TX729292,CUST00914,PRD001,2024-11-09 01:31:10.437330,247.55,EUR,Baden aber Dorf setzen.
TX272681,CUST00969,PRD001,2024-09-26 23:27:25.446373,-134.75,EUR,Treffen weiter.
TX885914,CUST00784,PRD001,2023-07-14 11:31:35.197894,443.5,EUR,Heiß hängen sie hart.
TX703889,CUST00367,PRD004,2020-08-23 02:38:41.380928,230.04,EUR,Monat da.
TX127600,CUST00468,PRD003,2024-08-02 17:32:19.321863,256.26,EUR,Dürfen werfen Familie.
TX116791,CUST00501,PRD001,2022-01-28 20:30:17.536227,-70.02,EUR,Dazu weg natürlich gesund.
TX181399,CUST00175,PRD004,2021-01-31 20:44:31.403778,483.26,EUR,Rennen nehmen er.
TX702745,CUST00990,PRD002,2021-11-29 19:42:51.313811,-337.15,EUR,Schule stehen braun.
TX729997,CUST00570,PRD003,2023-07-02 11:58:33.888691,19.63,EUR,Kalt dein Licht.
TX671082,CUST00842,PRD004,2025-04-14 16:53:43.098085,78.28,EUR,Hoch tief freuen mal stellen.
TX497267,CUST00884,PRD003,2024-07-01 05:47:50.504837,296.51,EUR,Frau Land vom vielleicht.
TX188299,CUST00476,PRD003,2024-02-16 04:39:03.171089,-193.93,EUR,Weinen lachen.
TX222032,CUST00852,PRD002,2022-10-16 06:33:02.358423,-12.36,EUR,Wiese verkaufen spielen Herz.
TX584955,CUST00443,PRD003,2021-03-18 06:20:56.810293,171.78,EUR,Hase warten Wetter.
TX205185,CUST00347,PRD003,2021-01-06 18:32:37.918468,-44.73,EUR,Mit denn.
TX532579,CUST00448,PRD001,2021-02-08 19:17:17.314061,48.91,EUR,Glück Fenster ohne oft.
TX547824,CUST00365,PRD002,2023-07-31 20:51:03.664734,40.39,EUR,Hinter Gott vorbei.
TX339364,CUST00402,PRD003,2022-07-20 23:38:10.159348,61.27,EUR,Haus mein Auto.
TX119869,CUST00261,PRD004,2022-10-11 20:47:55.619440,289.52,EUR,Affe fehlen fressen.
TX158281,CUST00183,PRD001,2021-07-09 17:32:30.504046,72.64,EUR,Davon gelb Schuh.
TX440753,CUST00697,PRD001,2020-08-11 06:50:57.820846,134.73,EUR,Schwer anfangen.
TX355012,CUST00964,PRD003,2021-05-02 23:28:43.510680,145.42,EUR,Heraus wer ich suchen darin.
TX328523,CUST00157,PRD001,2025-03-22 15:28:43.427277,-98.97,EUR,Ob mich Küche Stein.
TX135073,CUST00047,PRD001,2024-06-14 07:59:30.255726,-22.9,EUR,Brief rennen sprechen.
TX440843,CUST00581,PRD004,2024-12-13 03:35:21.719263,-157.91,EUR,Blume rennen.
TX252907,CUST00366,PRD002,2021-05-10 01:20:36.307029,251.18,EUR,Endlich Herr Minutenmir.
TX491696,CUST00451,PRD003,2023-01-06 22:07:52.607184,172.26,EUR,Schon springen durch singen müssen.
TX702279,CUST00346,PRD002,2021-02-21 08:56:59.336202,-365.09,EUR,Für Buch.
TX970798,CUST00492,PRD001,2023-09-24 10:21:02.856989,-199.87,EUR,Wichtig Oma.
TX124729,CUST00605,PRD003,2024-04-21 01:38:18.382254,315.12,EUR,Davon sieben hängen verstehen.
TX699086,CUST00473,PRD001,2020-12-30 13:37:56.544347,388.66,EUR,Öffnen Stelle mehr zurück.
TX482470,CUST00436,PRD001,2023-08-29 22:11:28.237525,-106.5,EUR,Der Auge.
TX198651,CUST00846,PRD001,2024-02-27 03:11:51.708581,-111.52,EUR,Glücklich blau.
TX263474,CUST00267,PRD001,2022-05-09 20:47:11.071500,98.85,EUR,Nie fragen.
TX573896,CUST00087,PRD004,2024-08-09 13:29:46.442316,362.47,EUR,Tisch oft Affe Musik.
TX394695,CUST00663,PRD001,2020-12-08 19:40:40.668234,-69.5,EUR,Fertig danach springen sonst Fuß.
TX377610,CUST00133,PRD003,2022-12-13 11:58:22.341099,-178.83,EUR,Hängen einmal.
TX903833,CUST00150,PRD003,2025-02-08 19:23:10.021930,358.67,EUR,Haben es Freund dabei.
TX788520,CUST00103,PRD001,2023-07-19 20:39:49.509323,-95.43,EUR,Trinken verstehen acht.
TX775964,CUST00932,PRD002,2024-05-04 18:49:27.840134,-105.47,EUR,So treffen zeigen weit.
TX352102,CUST00131,PRD001,2023-03-03 02:35:50.592006,143.32,EUR,Kann Geschenk Erde.
TX261627,CUST00323,PRD004,2023-12-07 20:51:53.775070,60.05,EUR,Von Freude Haare kann.
TX962287,CUST00005,PRD002,2021-10-14 08:17:52.841186,310.51,EUR,Wissen das bauen Monat nicht.
TX740546,CUST00410,PRD002,2020-12-07 22:12:31.264133,-35.76,EUR,Nennen hart setzen Luft.
TX855842,CUST00361,PRD001,2023-10-04 05:51:03.924333,-238.1,EUR,Von Wissen spät Freund gern.
TX641574,CUST00811,PRD002,2022-10-29 13:01:47.236590,14.3,EUR,Weihnachten Zeit sind.
TX927045,CUST00516,PRD002,2022-03-05 07:39:49.861010,299.75,EUR,Apfel sieht Monat nie wahr.
TX849098,CUST00276,PRD002,2021-09-01 14:43:31.085016,137.53,EUR,Essen böse Fahrrad.
TX171404,CUST00301,PRD002,2024-08-20 02:13:22.405014,195.48,EUR,Schwer dazu.
TX953313,CUST00851,PRD001,2022-06-05 06:42:45.209737,355.15,EUR,Ein Rad dich wo.
TX473853,CUST00041,PRD004,2023-12-15 18:03:47.373936,-46.99,EUR,Dein sehen nämlich.
TX385286,CUST00017,PRD003,2023-12-19 14:43:06.549717,206.48,EUR,Was spielen fest.
TX189603,CUST00572,PRD001,2022-06-12 01:45:28.542912,440.06,EUR,Las nah.
TX616651,CUST00340,PRD004,2021-06-19 03:15:41.665241,370.75,EUR,Schiff Mama lachen fallen.
TX464286,CUST00318,PRD002,2021-07-10 12:32:56.060937,292.9,EUR,Denken verstecken fragen.
TX359301,CUST00522,PRD003,2022-11-27 20:03:19.985525,229.81,EUR,Schule früher wohnen.
TX796510,CUST00452,PRD003,2021-03-15 20:35:51.819183,9.37,EUR,Anfangen mich Pferd gewinnen plötzlich.
TX936136,CUST00974,PRD001,2020-11-09 23:32:18.694580,-299.01,EUR,Weiter Spiel Land Bett.
TX189305,CUST00804,PRD001,2025-03-05 10:34:10.965633,96.2,EUR,Herr auch.
TX883956,CUST00754,PRD001,2025-05-22 23:19:28.710892,41.22,EUR,Angst Mama nicht singen schauen.
TX634558,CUST00269,PRD002,2024-09-15 19:35:32.407457,84.6,EUR,Nach traurig acht Vogel.
TX643703,CUST00787,PRD003,2022-03-29 12:02:27.969061,193.27,EUR,Heute ist springen Küche.
TX231799,CUST00887,PRD002,2023-07-08 18:20:09.735954,-45.65,EUR,Berg Zeit rufen.
TX269826,CUST00977,PRD004,2025-06-09 03:56:18.934492,45.67,EUR,Ohne Nase.
TX586422,CUST00964,PRD003,2023-12-18 00:14:29.508733,335.17,EUR,Tür Winter etwas liegen.
TX535438,CUST00276,PRD004,2024-05-28 21:40:11.877511,287.95,EUR,Schule anfangen Stadt.
TX879263,CUST00767,PRD003,2022-07-31 07:53:23.350827,360.52,EUR,Aus können voll gerade.
TX994248,CUST00584,PRD001,2021-02-25 21:54:22.880432,-75.13,EUR,Angst früh ziehen leicht endlich.
TX392381,CUST00142,PRD003,2024-10-02 00:34:02.659713,70.05,EUR,Glücklich kein stark.
TX539084,CUST00483,PRD003,2024-09-12 01:43:06.697186,-409.08,EUR,Klein nicht scheinen.
TX167933,CUST00635,PRD001,2025-01-25 15:30:26.795375,-297.93,EUR,Hoch beißen sehr wichtig.
TX496388,CUST00059,PRD002,2024-08-29 10:15:09.049876,22.78,EUR,Katze uns.
TX623121,CUST00377,PRD001,2021-01-21 03:04:12.973793,33.78,EUR,Wird ging Ding davon.
TX352846,CUST00320,PRD001,2021-06-03 21:36:50.063460,343.34,EUR,Kopf Monate im kann Stunde.
TX658162,CUST00507,PRD003,2023-04-22 19:07:45.851877,-61.22,EUR,Gewinnen Geld stehen.
TX560917,CUST00083,PRD001,2025-06-03 00:33:04.460270,293.01,EUR,Klasse oft davon lange.
TX716718,CUST00582,PRD001,2025-04-15 16:04:10.814811,-3.88,EUR,Was Auge Papa kein.
TX667424,CUST00818,PRD004,2021-04-15 21:02:51.590548,223.57,EUR,Schon war.
TX168954,CUST00533,PRD004,2020-09-10 14:48:10.024024,-67.66,EUR,Die nicht Maus kennen.
TX976254,CUST00902,PRD003,2021-02-18 12:43:28.761649,219.44,EUR,Fährt suchen.
TX205632,CUST00756,PRD004,2020-12-08 15:27:54.781156,-52.75,EUR,Lehrerin weil kalt Lehrerin plötzlich.
TX465458,CUST00721,PRD002,2023-06-16 13:59:03.806264,-423.2,EUR,Reiten groß stellen Mensch.
TX589279,CUST00458,PRD004,2023-04-17 08:34:22.828357,198.99,EUR,Helfen mehr.
TX444814,CUST00395,PRD003,2024-08-11 03:06:19.010711,-502.03,EUR,Rad ging.
TX302925,CUST00493,PRD004,2021-08-30 07:19:25.573679,207.3,EUR,Stellen viel Schuh dürfen lachen.
TX510796,CUST00829,PRD001,2024-10-27 12:54:51.355151,-40.07,EUR,Dort See Zeitung Berg.
TX410691,CUST00448,PRD001,2020-07-29 12:43:07.979138,-248.25,EUR,Gelb heiß heißen.
TX281377,CUST00724,PRD003,2023-12-23 12:18:27.159877,-44.41,EUR,Hilfe erzählen scheinen Mensch plötzlich.
TX659457,CUST00197,PRD004,2024-09-19 19:22:22.558591,24.64,EUR,Klettern bis sechs.
TX687186,CUST00589,PRD003,2023-11-30 18:35:38.862610,41.18,EUR,Schüler kurz Schluss vorbei.
TX738909,CUST00827,PRD001,2021-08-23 09:02:23.375462,1.63,EUR,Mehr andere ich gehören.
TX949283,CUST00514,PRD001,2023-02-03 10:17:21.258448,-234.36,EUR,Allein Sohn am.
TX961526,CUST00045,PRD004,2024-03-28 17:00:45.181668,515.79,EUR,Besser jeder wieder.
TX841025,CUST00532,PRD001,2024-02-03 14:21:01.542315,177.65,EUR,Oder er mein.
TX418128,CUST00941,PRD004,2020-11-07 04:23:18.074646,42.13,EUR,Etwas schenken beißen genau acht.
TX274462,CUST00764,PRD004,2025-04-13 07:40:56.860737,-21.34,EUR,Mädchen hinein dann einfach.
TX195211,CUST00466,PRD003,2024-10-20 23:03:23.903950,470.66,EUR,Sich reich dunkel Frau.
TX893179,CUST00704,PRD004,2024-12-17 06:56:07.452334,-263.01,EUR,Nah schenken Milch.
TX479364,CUST00196,PRD002,2024-07-10 15:40:36.377347,65.75,EUR,Schaffen Ferien nie dich.
TX127925,CUST00038,PRD003,2023-07-18 00:21:04.906403,-174.88,EUR,Stelle Tag warm steigen reich.
TX108843,CUST00101,PRD002,2023-08-13 08:48:46.119771,497.2,EUR,Schlimm fahren Zahl.
TX202201,CUST00605,PRD003,2022-01-18 04:51:52.261362,-140.41,EUR,Allein krank Kind.
TX575812,CUST00901,PRD001,2021-07-14 12:46:18.122119,-338.08,EUR,Erzählen fressen viel.
TX832200,CUST00247,PRD003,2020-12-18 20:15:28.739045,75.08,EUR,Dich Spiel gibt denken.
TX549274,CUST00532,PRD001,2024-07-17 13:50:42.759851,262.69,EUR,Schule Geschichte.
TX949826,CUST00738,PRD001,2020-12-29 15:46:10.452491,149.38,EUR,Treffen schnell da verstecken.
TX299705,CUST00664,PRD001,2023-11-23 11:34:12.242045,206.48,EUR,Buch neben doch.
TX430576,CUST00986,PRD003,2022-04-18 22:35:14.540696,-3.85,EUR,Las zwei einmal.
TX107257,CUST00716,PRD002,2025-04-09 06:00:09.538515,118.43,EUR,Dürfen wirklich nicht.
TX384323,CUST00062,PRD002,2024-11-05 10:56:22.467726,241.77,EUR,Doch ihr daran.
TX517022,CUST00680,PRD002,2024-12-03 16:55:29.981377,-166.46,EUR,Hin die.
TX504978,CUST00824,PRD002,2021-02-20 03:01:50.636605,371.98,EUR,Etwas spielen Haare.
TX777525,CUST00335,PRD002,2021-07-13 22:53:10.665523,328.45,EUR,Hören Nase vergessen also.
TX740060,CUST00399,PRD002,2025-06-26 00:54:21.777526,-17.22,EUR,Sind wollen schicken acht.
TX627214,CUST00112,PRD002,2025-03-28 01:22:49.049005,128.66,EUR,Viel warten weinen bei.
TX834850,CUST00048,PRD001,2024-01-26 00:34:41.760518,157.53,EUR,Lachen einfach.
TX783344,CUST00907,PRD001,2021-11-19 14:06:18.748645,2.05,EUR,Mich Freude Fuß Rad.
TX648382,CUST00877,PRD004,2023-11-28 09:48:21.458971,-191.42,EUR,Bein Sonntag Herz nimmt.
TX720824,CUST00123,PRD001,2023-12-11 22:15:08.647002,41.14,EUR,Schön ein um öffnen.
TX535251,CUST00976,PRD002,2023-09-23 09:39:34.800744,10.6,EUR,Spät weiter Schüler.
TX853409,CUST00584,PRD003,2024-08-20 01:03:00.918436,130.82,EUR,Leben zur Erde.
TX696238,CUST00502,PRD003,2024-04-02 19:07:17.030390,418.87,EUR,Zeitung fiel aus vom.
TX295773,CUST00199,PRD004,2025-04-26 11:56:40.136025,343.78,EUR,Oma Geschichte Mutter bleiben.
TX284334,CUST00089,PRD001,2021-11-24 20:45:18.480908,149.74,EUR,Zusammen Ball Gesicht später.
TX520050,CUST00185,PRD003,2022-10-30 05:07:06.953136,-151.79,EUR,Milch Schüler dir sich.
TX512930,CUST00319,PRD002,2023-10-04 18:45:43.008324,503.43,EUR,Gar Schnee Geld.
TX169364,CUST00228,PRD002,2024-06-30 01:15:14.030817,-391.78,EUR,Werden Bauer dafür.
TX247607,CUST00099,PRD001,2021-05-13 21:38:33.372078,21.39,EUR,Tante lieb.
TX671984,CUST00476,PRD003,2022-11-26 22:08:43.133169,-14.97,EUR,Spielen genau Mutter richtig.
TX355134,CUST00276,PRD002,2021-12-29 16:32:52.641958,394.93,EUR,Arbeiten ja dabei was.
TX474084,CUST00445,PRD004,2022-10-25 05:34:10.230112,386.26,EUR,Auge Fußball Freude Essen andere.
TX477018,CUST00827,PRD001,2025-06-04 15:33:12.176298,255.25,EUR,Groß spät denken machen.
TX105904,CUST00689,PRD003,2020-08-15 06:02:02.489592,249.21,EUR,Fallen andere unten Schüler.
TX588365,CUST00769,PRD002,2024-08-01 05:25:11.860914,-50.85,EUR,Fast nein lustig.
TX888349,CUST00291,PRD004,2022-08-18 18:02:15.427189,212.22,EUR,Hund lange.
TX937483,CUST00806,PRD003,2024-08-18 07:09:45.034013,338.75,EUR,Vorbei öffnen laut.
TX325164,CUST00665,PRD002,2021-02-26 16:05:55.147706,231.43,EUR,Sich Schnee Wohnung Geburtstag Stadt.
TX260466,CUST00976,PRD003,2024-05-06 00:30:28.985468,478.5,EUR,Ganz Herr.
TX808480,CUST00843,PRD001,2024-11-03 18:53:38.736657,169.52,EUR,Mein wohnen.
TX697161,CUST00911,PRD003,2024-05-26 14:28:00.967228,339.16,EUR,Zusammen sieht.
TX469857,CUST00217,PRD001,2021-03-21 14:41:41.029370,78.58,EUR,Ruhig Wissen nehmen laufen anfangen.
TX835822,CUST00440,PRD003,2024-12-25 16:10:14.573597,86.07,EUR,Mein blau.
TX107012,CUST00623,PRD004,2022-05-21 10:26:48.067725,-117.95,EUR,Ball Bild.
TX324478,CUST00708,PRD001,2023-12-16 16:45:59.909184,-263.06,EUR,Müssen ab bin Klasse.
TX934729,CUST00549,PRD004,2022-01-05 16:11:21.087487,-185.4,EUR,Versuchen gehören.
TX935369,CUST00961,PRD003,2020-09-06 11:44:31.806795,-309.04,EUR,Führen reiten sollen wieder.
